,assign_from_var_id_grocery,assign_to_var_id_grocery,assign_from_node_id_grocery,assign_to_node_id_grocery,assign_type_grocery,dist_grocery,assign_from_var_id_restaurant,assign_to_var_id_restaurant,assign_from_node_id_restaurant,assign_to_node_id_restaurant,assign_type_restaurant,dist_restaurant,assign_from_var_id_school,assign_to_var_id_school,assign_from_node_id_school,assign_to_node_id_school,assign_type_school,dist_school
0,0,41,2,328,allocated,340.49706081332477,0,41,2,328,allocated,340.49706081332477,0,41,2,502,existing,430.17104634414886
1,1,41,3,328,allocated,193.71870492804936,1,41,3,328,allocated,193.71870492804936,1,41,3,502,existing,283.39269045887346
2,2,84,5,567,existing,253.43164379559488,2,84,5,567,existing,253.43164379559488,2,84,5,159,existing,173.59358007690963
3,3,24,7,191,allocated,302.2282174155333,3,24,7,192,allocated,93.92803584769912,3,24,7,194,allocated,319.5988089221674
4,4,84,8,567,existing,170.54644039736993,4,84,8,567,existing,170.54644039736993,4,84,8,159,existing,90.70837667868467
5,5,84,9,567,existing,299.5369525820719,5,84,9,567,existing,299.5369525820719,5,84,9,62,existing,189.000845595439
6,6,18,10,145,allocated,697.5720130533216,6,18,10,315,existing,978.1358985729871,6,18,10,480,existing,595.0493474939353
7,7,18,11,145,allocated,770.0149138230244,7,18,11,315,existing,880.1840198167051,7,18,11,480,existing,667.492248263638
8,8,41,12,328,allocated,303.18088281638325,8,41,12,328,allocated,303.18088281638325,8,41,12,502,existing,365.22103236446264
9,9,41,13,328,allocated,210.711515870053,9,41,13,328,allocated,210.711515870053,9,41,13,502,existing,272.7516654181324
10,10,46,14,366,allocated,222.09016323074417,10,46,14,76,allocated,274.3919179741619,10,46,14,15,allocated,137.69731051512142
11,11,46,15,366,allocated,359.78747374586555,11,46,15,76,allocated,136.69460745904047,11,46,15,15,allocated,0.0
12,12,46,16,366,allocated,319.2220041394102,12,46,16,220,allocated,421.16466649183474,12,46,16,116,existing,392.1039373275248
13,13,46,17,366,allocated,187.13400374531244,13,46,17,41,existing,446.71315524822245,13,46,17,116,existing,260.01593693342704
14,14,75,18,261,existing,286.83380032591594,14,75,18,76,allocated,681.2337436582673,14,75,18,15,allocated,814.0316157322741
15,15,75,19,261,existing,144.56400383681967,15,75,19,76,allocated,538.9639471691711,15,75,19,15,allocated,671.7618192431778
16,16,42,24,333,allocated,542.8434906159298,16,42,24,192,allocated,376.99631375941703,16,42,24,194,allocated,602.6670868338853
17,17,42,25,333,allocated,528.6205050276801,17,42,25,192,allocated,391.2192993476667,17,42,25,194,allocated,616.890072422135
18,18,24,27,191,allocated,358.481438178756,18,24,27,192,allocated,503.34545243149716,18,24,27,193,existing,130.00922688863133
19,19,83,28,377,existing,238.7530081637425,19,83,28,353,allocated,386.59309971970276,19,83,28,550,existing,243.291151210632
20,20,81,29,125,existing,338.88692813364577,20,81,29,125,existing,338.88692813364577,20,81,29,471,existing,288.4761485290677
21,21,85,30,187,existing,151.0701067734804,21,85,30,314,existing,426.7834195503789,21,85,30,146,existing,383.2432165786521
22,22,85,31,187,existing,278.5848576691639,22,85,31,314,existing,554.2981704460624,22,85,31,471,existing,509.0751003562188
23,23,46,32,366,allocated,530.1051815065489,23,46,32,220,allocated,210.281489124696,23,46,32,235,allocated,235.05844591370658
24,24,80,33,176,existing,485.57561145848683,24,80,33,220,allocated,152.22008521475354,24,80,33,235,allocated,176.9970420037641
25,25,80,35,176,existing,108.46791497173486,25,80,35,41,existing,228.81965693255023,25,80,35,235,allocated,329.1553426611073
26,26,46,36,366,allocated,859.3552549125651,26,46,36,220,allocated,859.3546840050699,26,46,36,116,existing,873.20597483858
27,27,46,37,366,allocated,792.1109474792526,27,46,37,76,allocated,802.1401683502777,27,46,37,116,existing,805.9616674052675
28,28,46,38,366,allocated,783.0280725600707,28,46,38,76,allocated,793.0572934310958,28,46,38,116,existing,796.8787924860856
29,29,46,39,366,allocated,774.5114186533344,29,46,39,76,allocated,784.5406395243597,29,46,39,116,existing,788.3621385793494
30,30,79,41,41,existing,0.0,30,79,41,41,existing,0.0,30,79,41,116,existing,332.46108469102467
31,31,41,42,328,allocated,443.08685161634435,31,41,42,328,allocated,443.08685161634435,31,41,42,62,existing,305.3086378798275
32,32,41,43,328,allocated,303.47734031611276,32,41,43,246,allocated,219.62291435984383,32,41,43,502,existing,267.74976786314903
33,33,41,45,328,allocated,420.3133716146443,33,41,45,328,allocated,420.3133716146443,33,41,45,502,existing,365.21139820035864
34,34,41,46,328,allocated,312.7546201203806,34,41,46,328,allocated,312.7546201203806,34,41,46,502,existing,257.6526467060949
35,35,41,47,328,allocated,498.11566800962066,35,41,47,328,allocated,498.11566800962066,35,41,47,502,existing,443.013694595335
36,36,75,48,261,existing,732.2497483185041,36,75,48,76,allocated,662.6822012871477,36,75,48,15,allocated,717.145405920337
37,37,75,49,261,existing,584.6736792682286,37,75,49,76,allocated,515.1061322368723,37,75,49,15,allocated,569.5693368700616
38,38,41,50,328,allocated,324.33882515725384,38,41,50,328,allocated,324.33882515725384,38,41,50,502,existing,269.23685174296816
39,39,41,51,328,allocated,416.6960452123876,39,41,51,328,allocated,416.6960452123876,39,41,51,502,existing,361.59407179810194
40,40,41,52,328,allocated,231.80003714873942,40,41,52,328,allocated,231.80003714873942,40,41,52,502,existing,176.6980637344537
41,41,75,53,261,existing,487.1655966331699,41,75,53,76,allocated,609.1452595708301,41,75,53,15,allocated,663.6084642040194
42,42,75,54,261,existing,472.9892338317035,42,75,54,76,allocated,594.9688967693636,42,75,54,15,allocated,649.4321014025529
43,43,43,55,349,allocated,731.203957277539,43,43,55,246,allocated,545.8095733938676,43,43,55,492,existing,304.4191903256168
44,44,43,56,349,allocated,697.7420315243679,44,43,56,246,allocated,512.3476476406966,44,43,56,492,existing,270.9572645724457
45,45,43,57,349,allocated,455.9844772348362,45,43,57,246,allocated,637.0359880934475,45,43,57,492,existing,395.6456050251966
46,46,43,58,349,allocated,483.8128195243585,46,43,58,246,allocated,609.2076458039253,46,43,58,492,existing,367.8172627356744
47,47,85,59,187,existing,291.5154855442201,47,85,59,125,existing,546.5552520857407,47,85,59,471,existing,496.1444724811626
48,48,83,60,377,existing,291.72749137892663,48,83,60,125,existing,471.86741700034065,48,83,60,471,existing,421.4566373957626
49,49,42,61,333,allocated,280.9248998113999,49,42,61,192,allocated,586.7330049427459,49,42,61,62,existing,121.58022390798041
50,50,42,62,333,allocated,174.29246142797277,50,42,62,567,existing,488.45541221257446,50,42,62,62,existing,0.0
51,51,46,63,366,allocated,470.4826107244387,51,46,63,220,allocated,451.1140005307661,51,46,63,235,allocated,475.89095731977665
52,52,46,64,366,allocated,409.8656750657938,52,46,64,220,allocated,390.4970648721212,52,46,64,235,allocated,415.27402166113177
53,53,46,65,366,allocated,583.0514233355902,53,46,65,76,allocated,593.0806442066153,53,46,65,116,existing,596.9021432616053
54,54,46,66,366,allocated,492.1418965364637,54,46,66,76,allocated,502.17111740748874,54,46,66,116,existing,505.9926164624786
55,55,24,67,191,allocated,534.7845033786205,55,24,67,192,allocated,326.4843218107863,55,24,67,194,allocated,552.1550948852546
56,56,42,68,333,allocated,468.31840314761837,56,42,68,192,allocated,512.6849522290091,56,42,68,502,existing,620.7466129808712
57,57,73,69,188,existing,404.3623655484237,57,73,69,188,existing,404.3623655484237,57,73,69,69,allocated,0.0
58,58,73,70,188,existing,324.9428805210947,58,73,70,188,existing,324.9428805210947,58,73,70,69,allocated,79.419485027329
59,59,83,72,377,existing,842.7865290147663,59,83,72,353,allocated,649.8768074581839,59,83,72,450,allocated,427.0936250676547
60,60,42,73,333,allocated,288.27840520657367,60,42,73,328,allocated,525.0837780386473,60,42,73,62,existing,385.33730782442365
61,61,41,74,328,allocated,398.1672844380694,61,41,74,328,allocated,398.1672844380694,61,41,74,502,existing,460.2074339861488
62,62,46,75,366,allocated,455.3663797919804,62,46,75,76,allocated,41.11570141292558,62,46,75,15,allocated,95.57890604611488
63,63,46,76,366,allocated,496.4820812049061,63,46,76,76,allocated,0.0,63,46,76,15,allocated,136.69460745904047
64,64,46,78,366,allocated,692.5652343863701,64,46,78,76,allocated,287.0559883699979,64,46,78,15,allocated,341.5191930031872
65,65,46,80,366,allocated,731.4822618541593,65,46,80,220,allocated,644.2873490772594,65,46,80,235,allocated,676.4913776783101
66,66,41,83,328,allocated,483.1100971003144,66,41,83,246,allocated,284.16954641138534,66,41,83,492,existing,392.0919351578693
67,67,41,84,328,allocated,557.6093048334833,67,41,84,246,allocated,392.9490349974291,67,41,84,492,existing,285.22032655526084
68,68,41,85,328,allocated,431.2961522417247,68,41,85,328,allocated,431.2961522417247,68,41,85,502,existing,520.9701377725488
69,69,42,87,333,allocated,193.17968301497487,69,42,87,567,existing,469.65057659050876,69,42,87,62,existing,18.887221587002113
70,70,42,88,333,allocated,272.66646831544693,70,42,88,246,allocated,481.7562487432438,70,42,88,62,existing,98.37400688747422
71,71,41,89,328,allocated,576.5464048767224,71,41,89,246,allocated,534.474149512162,71,41,89,492,existing,293.0837664439111
72,72,41,90,328,allocated,642.2749113736575,72,41,90,246,allocated,600.2026560090969,72,41,90,492,existing,358.81227294084607
73,73,24,92,191,allocated,450.05864127891573,73,24,92,220,allocated,378.50791637613963,73,24,92,235,allocated,49.29078915762198
74,74,41,93,328,allocated,193.7076664349573,74,41,93,328,allocated,193.7076664349573,74,41,93,502,existing,255.06938719050714
75,75,46,94,366,allocated,352.59877960332767,75,46,94,76,allocated,362.62800047435275,75,46,94,116,existing,366.44949952934263
76,76,46,95,366,allocated,335.46939137187974,76,46,95,76,allocated,345.4986122429048,76,46,95,116,existing,349.32011129789464
77,77,80,96,176,existing,351.78835006731197,77,80,96,41,existing,445.9060740445791,77,80,96,193,existing,351.68112817694225
78,78,84,97,567,existing,340.8261196840584,78,84,97,567,existing,340.8261196840584,78,84,97,159,existing,260.9880559653732
79,79,42,98,333,allocated,187.44013127529485,79,42,98,192,allocated,695.7032450939467,79,42,98,62,existing,361.73259270326764
80,80,42,99,333,allocated,290.36505686349614,80,42,99,192,allocated,592.7783195057455,80,42,99,62,existing,464.6575182914689
81,81,41,101,328,allocated,259.3551775605026,81,41,101,328,allocated,259.3551775605026,81,41,101,502,existing,258.49027260391296
82,82,43,102,349,allocated,262.82230521550906,82,43,102,246,allocated,467.619992876396,82,43,102,492,existing,226.22960980814514
83,83,43,103,349,allocated,382.07575467085115,83,43,103,246,allocated,330.4735059172121,83,43,103,492,existing,89.08312284896122
84,84,46,104,366,allocated,395.14122640484055,84,46,104,76,allocated,405.1704472758656,84,46,104,116,existing,408.9919463308555
85,85,73,106,188,existing,110.73353280939835,85,73,106,188,existing,110.73353280939835,85,73,106,69,allocated,293.62883273902537
86,86,81,108,125,existing,595.1943919170103,86,81,108,125,existing,595.1943919170103,86,81,108,550,existing,400.7005942828796
87,87,81,109,125,existing,466.768941405244,87,81,109,125,existing,466.768941405244,87,81,109,550,existing,272.2751437711133
88,88,41,110,328,allocated,176.69601216399943,88,41,110,328,allocated,176.69601216399943,88,41,110,502,existing,266.36999769482355
89,89,41,111,328,allocated,247.88137180435612,89,41,111,328,allocated,247.88137180435612,89,41,111,502,existing,158.20738627353202
90,90,41,112,328,allocated,399.9485865872658,90,41,112,328,allocated,399.9485865872658,90,41,112,502,existing,310.2746010564417
91,91,24,113,191,allocated,327.7483244133378,91,24,113,192,allocated,119.44814284550358,91,24,113,194,allocated,345.11891591997187
92,92,24,114,191,allocated,437.39875566046106,92,24,114,192,allocated,229.09857409262682,92,24,114,194,allocated,454.76934716709513
93,93,46,115,366,allocated,29.515606631049852,93,46,115,41,existing,289.0947581339599,93,46,115,116,existing,43.366326557064774
94,94,83,118,377,existing,366.7477263462828,94,83,118,353,allocated,442.10666148974394,94,83,118,550,existing,47.40640058405699
95,95,24,119,191,allocated,306.29486225234217,95,24,119,125,existing,345.5552413895173,95,24,119,193,existing,78.34302859062069
96,96,81,124,125,existing,102.97955551253997,96,81,124,125,existing,102.97955551253997,96,81,124,471,existing,153.39033511711804
97,97,42,127,333,allocated,346.3414548588372,97,42,127,246,allocated,552.6320675577725,97,42,127,62,existing,172.0489934308645
98,98,43,128,349,allocated,361.67994180992775,98,43,128,246,allocated,407.1152521324641,98,43,128,62,existing,317.5658088561729
99,99,42,129,333,allocated,383.7739257680463,99,42,129,328,allocated,538.9140251560983,99,42,129,62,existing,209.4814643400736
100,100,18,130,145,allocated,637.0865946119599,100,18,130,315,existing,747.2557006056409,100,18,130,480,existing,534.5639290525735
101,101,18,131,145,allocated,670.7353435019935,101,18,131,315,existing,713.6069517156072,101,18,131,480,existing,568.2126779426071
102,102,43,132,349,allocated,639.2074246059775,102,43,132,246,allocated,453.81304072230614,102,43,132,492,existing,212.42265765405529
103,103,43,133,349,allocated,646.888918949997,103,43,133,246,allocated,417.1204244984355,103,43,133,492,existing,175.73004143018466
104,104,46,134,366,allocated,538.1772754619637,104,46,134,76,allocated,132.6680294455916,104,46,134,15,allocated,187.1312340787809
105,105,75,135,261,existing,493.7925611101015,105,75,135,76,allocated,189.7353898958892,105,75,135,15,allocated,322.533261969896
106,106,75,136,261,existing,473.22061087350835,106,75,136,76,allocated,403.65306384215205,106,75,136,15,allocated,458.11626847534137
107,107,75,137,261,existing,593.4133406116396,107,75,137,76,allocated,283.4603341040209,107,75,137,15,allocated,337.92353873721015
108,108,46,138,366,allocated,705.0913566569623,108,46,138,220,allocated,573.1875819113028,108,46,138,235,allocated,605.3916105123536
109,109,46,139,366,allocated,558.2069585573586,109,46,139,220,allocated,426.3031838116991,109,46,139,235,allocated,458.5072124127499
110,110,78,140,509,existing,353.08099916786637,110,78,140,76,allocated,214.13909455306833,110,78,140,15,allocated,77.44448709402788
111,111,81,141,125,existing,252.85882762078157,111,81,141,125,existing,252.85882762078157,111,81,141,193,existing,171.03944235935643
112,112,24,143,191,allocated,319.7456582021072,112,24,143,125,existing,359.00603733928233,112,24,143,193,existing,91.79382454038573
113,113,24,144,191,allocated,129.5272204325791,113,24,144,192,allocated,337.8274020004134,113,24,144,194,allocated,112.15662892594507
114,114,41,147,328,allocated,265.40572042442955,114,41,147,328,allocated,265.40572042442955,114,41,147,502,existing,327.445869972509
115,115,41,148,328,allocated,202.1302837371267,115,41,148,328,allocated,202.1302837371267,115,41,148,502,existing,166.402711284163
116,116,75,149,261,existing,377.4470058890001,116,75,149,76,allocated,499.42666882666026,116,75,149,15,allocated,553.8898734598496
117,117,18,151,145,allocated,159.90460862475368,117,18,151,315,existing,499.8446258432641,117,18,151,480,existing,262.42727418414006
118,118,82,152,315,existing,324.81996766687496,118,82,152,315,existing,324.81996766687496,118,82,152,471,existing,399.08410460715413
119,119,18,153,145,allocated,109.79833727770155,119,18,153,315,existing,549.9508971903163,119,18,153,480,existing,212.3210028370879
120,120,81,154,125,existing,259.8314768415937,120,81,154,125,existing,259.8314768415937,120,81,154,471,existing,209.42069723701567
121,121,81,155,125,existing,185.8027234340962,121,81,155,125,existing,185.8027234340962,121,81,155,471,existing,135.39194382951814
122,122,41,156,328,allocated,382.18137698497515,122,41,156,328,allocated,382.18137698497515,122,41,156,502,existing,444.2215265330546
123,123,41,157,328,allocated,413.1880711502408,123,41,157,328,allocated,413.1880711502408,123,41,157,502,existing,502.86205668106487
124,124,46,158,366,allocated,319.30429081684116,124,46,158,76,allocated,182.8416274716398,124,46,158,15,allocated,234.91143810121838
125,125,84,159,567,existing,79.83806371868525,125,84,159,567,existing,79.83806371868525,125,84,159,159,existing,0.0
126,126,46,160,366,allocated,462.7224245415707,126,46,160,220,allocated,521.787717827487,126,46,160,116,existing,535.6043577296853
127,127,46,161,366,allocated,389.7188269149526,127,46,161,220,allocated,594.7913154541051,127,46,161,116,existing,462.60076010306716
128,128,24,162,191,allocated,389.0529894478532,128,24,162,192,allocated,180.7528078800189,128,24,162,194,allocated,406.4235809544872
129,129,24,163,191,allocated,319.2267979853016,129,24,163,192,allocated,110.92661641746737,129,24,163,194,allocated,336.59738949193564
130,130,46,164,366,allocated,550.5512498608819,130,46,164,220,allocated,531.1826396672092,130,46,164,235,allocated,555.9595964562197
131,131,41,165,328,allocated,572.3865529264729,131,41,165,328,allocated,572.3865529264729,131,41,165,502,existing,517.2845795121872
132,132,41,166,328,allocated,659.3621404242822,132,41,166,328,allocated,659.3621404242822,132,41,166,502,existing,604.2601670099966
133,133,80,167,176,existing,382.32898671137605,133,80,167,41,existing,476.4467106886432,133,80,167,193,existing,321.1404915328782
134,134,24,168,191,allocated,428.8913908350619,134,24,168,192,allocated,432.9354997751912,134,24,168,193,existing,200.41917954493726
135,135,46,169,366,allocated,701.0156034935449,135,46,169,220,allocated,613.8206907166449,135,46,169,235,allocated,646.0247193176956
136,136,46,170,366,allocated,691.5552635250755,136,46,170,220,allocated,658.3233041517356,136,46,170,235,allocated,690.5273327527864
137,137,46,171,366,allocated,453.82758215242654,137,46,171,76,allocated,48.318336136054384,137,46,171,15,allocated,102.78154076924368
138,138,46,172,366,allocated,780.8601900960778,138,46,172,220,allocated,658.3725585933194,138,46,172,235,allocated,690.5765871943702
139,139,46,173,366,allocated,726.5751508915782,139,46,173,220,allocated,639.3802381146783,139,46,173,235,allocated,671.584266715729
140,140,82,174,315,existing,458.9146511772275,140,82,174,315,existing,458.9146511772275,140,82,174,480,existing,368.32645312284365
141,141,46,175,366,allocated,17.68586804347057,141,46,175,41,existing,277.2650195463806,141,46,175,116,existing,90.56780123158521
142,142,43,177,349,allocated,421.8157491465216,142,43,177,246,allocated,256.9654285781953,142,43,177,62,existing,323.1648270525227
143,143,41,178,328,allocated,395.71648801951665,143,41,178,246,allocated,285.62007371656216,143,41,178,502,existing,357.8326800402348
144,144,73,188,188,existing,0.0,144,73,188,188,existing,0.0,144,73,188,146,existing,364.23094389309495
145,145,73,189,188,existing,106.36822481308516,145,73,189,188,existing,106.36822481308516,145,73,189,146,existing,257.8627190800098
146,146,83,190,377,existing,151.19515262774905,146,83,190,353,allocated,411.8082193212623,146,83,190,550,existing,325.2977696091543
147,147,24,191,191,allocated,0.0,147,24,191,192,allocated,208.30018156783424,147,24,191,194,allocated,17.37059150663404
148,148,24,192,191,allocated,208.30018156783424,148,24,192,192,allocated,0.0,148,24,192,194,allocated,225.6707730744683
149,149,24,194,191,allocated,17.37059150663404,149,24,194,192,allocated,225.6707730744683,149,24,194,194,allocated,0.0
150,150,24,195,191,allocated,409.89278699114897,150,24,195,192,allocated,201.59260542331472,150,24,195,194,allocated,427.26337849778304
151,151,24,196,191,allocated,504.44303558660897,151,24,196,192,allocated,357.3838550236441,151,24,196,193,existing,275.97082429648435
152,152,24,197,191,allocated,478.7428853829158,152,24,197,192,allocated,270.4427038150816,152,24,197,193,existing,362.91197550504694
153,153,83,200,377,existing,204.1961488510758,153,83,200,353,allocated,401.12589854329855,153,83,200,550,existing,257.8239500342278
154,154,46,201,366,allocated,106.54584202661954,154,46,201,41,existing,366.12499352952955,154,46,201,116,existing,179.42777521473417
155,155,42,202,333,allocated,371.28219667520807,155,42,202,192,allocated,609.7211587014194,155,42,202,62,existing,545.5746581031808
156,156,80,203,176,existing,271.3080849529355,156,80,203,41,existing,365.4258089302025,156,80,203,235,allocated,325.749252662734
157,157,80,204,176,existing,306.3888669532526,157,80,204,41,existing,400.5065909305197,157,80,204,235,allocated,360.83003466305115
158,158,24,212,191,allocated,372.88501452229025,158,24,212,192,allocated,488.9418760879629,158,24,212,193,existing,144.4128032321656
159,159,46,219,366,allocated,371.23551161354567,159,46,219,220,allocated,613.274630755512,159,46,219,116,existing,444.1174448016602
160,160,80,220,176,existing,637.7956966732404,160,80,220,220,allocated,0.0,160,80,220,235,allocated,329.21712721851765
161,161,41,221,328,allocated,317.0496351146198,161,41,221,246,allocated,265.3712078095979,161,41,221,502,existing,227.37564958379568
162,162,41,222,328,allocated,299.6572716412363,162,41,222,246,allocated,282.76357128298133,162,41,222,502,existing,209.98328611041222
163,163,46,223,366,allocated,556.4135152814885,163,46,223,76,allocated,59.93143407658242,163,46,223,15,allocated,196.6260415356229
164,164,46,224,366,allocated,423.1695522064314,164,46,224,220,allocated,317.2171184248136,164,46,224,235,allocated,341.99407521382415
165,165,46,225,366,allocated,449.58029629041005,165,46,225,220,allocated,290.8063743408349,165,46,225,235,allocated,315.5833311298455
166,166,41,226,328,allocated,361.4721332332385,166,41,226,246,allocated,162.5315825443094,166,41,226,492,existing,270.45397129079333
167,167,82,227,315,existing,310.04250381199364,167,82,227,315,existing,310.04250381199364,167,82,227,471,existing,384.3066407522728
168,168,43,228,349,allocated,395.91935058891147,168,43,228,246,allocated,230.66098641499286,168,43,228,62,existing,349.46926921572515
169,169,73,231,188,existing,91.91056528718794,169,73,231,188,existing,91.91056528718794,169,73,231,69,allocated,312.4518002612358
170,170,77,233,233,existing,0.0,170,77,233,233,existing,0.0,170,77,233,159,existing,298.43493699928615
171,171,80,235,176,existing,437.6232576328421,171,80,235,220,allocated,329.21712721851765,171,80,235,235,allocated,0.0
172,172,42,236,333,allocated,382.8676646935384,172,42,236,567,existing,517.7153377808186,172,42,236,62,existing,214.10963638377896
173,173,42,237,333,allocated,266.7173168357402,173,42,237,567,existing,396.030556804807,173,42,237,62,existing,92.42485540776742
174,174,81,240,125,existing,920.783813466368,174,81,240,125,existing,920.783813466368,174,81,240,550,existing,726.2900158322373
175,175,83,241,377,existing,258.4281484615504,175,83,241,353,allocated,346.89389893282396,175,83,241,550,existing,203.5919504237532
176,176,46,243,366,allocated,628.9110253260892,176,46,243,220,allocated,541.7161125491893,176,46,243,235,allocated,573.9201411502402
177,177,41,246,328,allocated,385.0141923724801,177,41,246,246,allocated,0.0,177,41,246,492,existing,241.39038306825086
178,178,83,248,377,existing,493.3271233427563,178,83,248,353,allocated,496.56529200095343,178,83,248,450,allocated,311.0765547482555
179,179,18,250,145,allocated,355.6712614960444,179,18,250,188,existing,825.6338155933502,179,18,250,480,existing,253.14859593665807
180,180,18,251,145,allocated,319.91098953773036,180,18,251,188,existing,789.8735436350362,180,18,251,480,existing,217.388323978344
181,181,84,252,567,existing,268.93995177302725,181,84,252,567,existing,268.93995177302725,181,84,252,159,existing,189.101888054342
182,182,83,254,377,existing,154.7594578396005,182,83,254,353,allocated,393.7710907578111,182,83,254,550,existing,307.2606410457031
183,183,83,255,377,existing,241.04857014797474,183,83,255,353,allocated,316.4075052914358,183,83,255,550,existing,173.10555678236506
184,184,78,257,509,existing,117.02117196408315,184,78,257,233,existing,272.24768426863204,184,78,257,159,existing,203.70862747234358
185,185,83,258,377,existing,469.2116412590814,185,83,258,353,allocated,413.8262707651059,185,83,258,450,allocated,191.04308837457677
186,186,83,259,377,existing,507.73455546611046,186,83,259,353,allocated,375.30335655807676,186,83,259,450,allocated,152.52017416754762
187,187,42,260,333,allocated,404.012475546649,187,42,260,567,existing,538.8601486339292,187,42,260,62,existing,235.25444723688958
188,188,42,265,333,allocated,193.01234631698563,188,42,265,328,allocated,462.1826034146316,188,42,265,62,existing,290.0712489348356
189,189,46,266,366,allocated,871.3389691350831,189,46,266,220,allocated,847.3709697825519,189,46,266,235,allocated,879.5749983836026
190,190,46,267,366,allocated,870.0242481057934,190,46,267,220,allocated,836.7922887324536,190,46,267,235,allocated,868.9963173335043
191,191,46,268,366,allocated,762.9955712823313,191,46,268,76,allocated,773.0247921533564,191,46,268,116,existing,776.8462912083462
192,192,46,269,366,allocated,788.0606800138142,192,46,269,220,allocated,754.8287206404743,192,46,269,235,allocated,787.0327492415252
193,193,42,270,333,allocated,378.2016026830603,193,42,270,246,allocated,376.22111437563046,193,42,270,62,existing,203.90914125508755
194,194,42,271,333,allocated,467.30694393363774,194,42,271,246,allocated,414.10375139036876,194,42,271,62,existing,293.014482505665
195,195,84,272,567,existing,30.78584688125698,195,84,272,567,existing,30.78584688125698,195,84,272,159,existing,49.052216837428276
196,196,41,273,328,allocated,476.78923924976016,196,41,273,328,allocated,476.78923924976016,196,41,273,502,existing,421.6872658354745
197,197,75,274,261,existing,524.1107889599009,197,75,274,76,allocated,159.41716204608974,197,75,274,15,allocated,296.1117695051302
198,198,41,275,328,allocated,663.8005769107131,198,41,275,328,allocated,663.8005769107131,198,41,275,502,existing,608.6986034964274
199,199,75,276,261,existing,458.77944905845146,199,75,276,76,allocated,580.7591119961116,199,75,276,15,allocated,635.222316629301
200,200,75,277,261,existing,619.792366487349,200,75,277,76,allocated,550.2248194559927,200,75,277,15,allocated,604.6880240891819
201,201,75,278,261,existing,557.1340894212151,201,75,278,76,allocated,638.1516549804599,201,75,278,15,allocated,692.6148596136491
202,202,43,279,349,allocated,617.2344686101275,202,43,279,246,allocated,387.465974158566,202,43,279,492,existing,146.07559109031513
203,203,43,280,349,allocated,667.6586015777102,203,43,280,246,allocated,437.8901071261487,203,43,280,492,existing,196.49972405789782
204,204,24,281,191,allocated,356.2411242435642,204,24,281,192,allocated,147.94094267572993,204,24,281,194,allocated,373.61171575019824
205,205,24,282,191,allocated,305.78796584427084,205,24,282,192,allocated,97.48778427643663,205,24,282,194,allocated,323.1585573509049
206,206,83,283,377,existing,22.70708461851376,206,83,283,353,allocated,255.00530451858833,206,83,283,550,existing,391.44704231182607
207,207,83,284,377,existing,89.49437026470567,207,83,284,353,allocated,321.7925901647802,207,83,284,550,existing,458.23432795801796
208,208,46,285,366,allocated,559.0518683857508,208,46,285,220,allocated,611.5752694895278,208,46,285,116,existing,631.9338015738654
209,209,46,286,366,allocated,456.3191053636879,209,46,286,220,allocated,698.3582245056543,209,46,286,116,existing,529.2010385518025
210,210,83,290,377,existing,421.2526491140795,210,83,290,353,allocated,424.49081777227656,210,83,290,450,allocated,239.00208051957864
211,211,24,292,191,allocated,437.1961200293914,211,24,292,192,allocated,228.8959384615572,211,24,292,194,allocated,454.5667115360255
212,212,24,293,191,allocated,496.8586362383848,212,24,293,192,allocated,288.5584546705506,212,24,293,194,allocated,514.2292277450189
213,213,80,294,176,existing,146.89613054941594,213,80,294,41,existing,267.24787251023133,213,80,294,235,allocated,367.5835582387883
214,214,80,296,176,existing,215.71666485924607,214,80,296,41,existing,336.06840682006145,214,80,296,235,allocated,436.40409254861845
215,215,41,297,328,allocated,528.3042761471354,215,41,297,192,allocated,513.6156228602447,215,41,297,502,existing,590.3444256952147
216,216,41,298,328,allocated,422.4227906171945,216,41,298,328,allocated,422.4227906171945,216,41,298,502,existing,484.4629401652739
217,217,41,299,328,allocated,467.3151827096819,217,41,299,328,allocated,467.3151827096819,217,41,299,502,existing,412.2132092953962
218,218,43,301,349,allocated,378.2598967661688,218,43,301,246,allocated,241.79687617503293,218,43,301,492,existing,364.54518586486245
219,219,43,302,349,allocated,336.57212979691536,219,43,302,246,allocated,193.1119580269925,219,43,302,492,existing,315.86026771682197
220,220,41,303,328,allocated,732.5949433606877,220,41,303,328,allocated,732.5949433606877,220,41,303,502,existing,677.4929699464021
221,221,41,304,328,allocated,805.8015800332362,221,41,304,328,allocated,805.8015800332362,221,41,304,502,existing,750.6996066189505
222,222,85,305,187,existing,166.82713514194856,222,85,305,188,existing,176.8622778744156,222,85,305,146,existing,187.36866601867936
223,223,41,308,328,allocated,234.43430916437453,223,41,308,246,allocated,150.57988320810563,223,41,308,502,existing,198.70673671141083
224,224,41,309,328,allocated,64.61833725485339,224,41,309,328,allocated,64.61833725485339,224,41,309,502,existing,28.8907648018897
225,225,46,310,366,allocated,351.97688957010786,225,46,310,76,allocated,362.00611044113293,225,46,310,116,existing,365.8276094961228
226,226,46,311,366,allocated,635.2359828756664,226,46,311,220,allocated,315.41229049381354,226,46,311,235,allocated,340.1892472828241
227,227,46,312,366,allocated,564.0509865185437,227,46,312,220,allocated,244.22729413669077,227,46,312,235,allocated,269.00425092570134
228,228,46,313,366,allocated,364.3949095868852,228,46,313,76,allocated,374.4241304579103,228,46,313,116,existing,378.24562951290017
229,229,82,315,315,existing,0.0,229,82,315,315,existing,0.0,229,82,315,471,existing,327.2106554366856
230,230,46,319,366,allocated,565.4012361603999,230,46,319,76,allocated,159.8919901440277,230,46,319,15,allocated,214.35519477721698
231,231,46,320,366,allocated,379.8776404124588,231,46,320,220,allocated,360.50903021878617,231,46,320,235,allocated,385.28598700779673
232,232,41,326,328,allocated,449.9409412467928,232,41,326,328,allocated,449.9409412467928,232,41,326,502,existing,394.83896783250714
233,233,41,327,328,allocated,401.1725642404052,233,41,327,328,allocated,401.1725642404052,233,41,327,502,existing,346.07059082611954
234,234,41,328,328,allocated,0.0,234,41,328,328,allocated,0.0,234,41,328,502,existing,89.6739855308241
235,235,24,329,191,allocated,287.0577688928118,235,24,329,192,allocated,78.75758732497756,235,24,329,194,allocated,304.42836039944586
236,236,24,330,191,allocated,340.6430765035223,236,24,330,192,allocated,132.3428949356881,236,24,330,194,allocated,358.0136680101564
237,237,18,331,145,allocated,281.129779187237,237,18,331,188,existing,751.0923332845427,237,18,331,480,existing,178.6071136278506
238,238,18,332,145,allocated,187.02208425010684,238,18,332,188,existing,656.9846383474127,238,18,332,480,existing,84.49941869072049
239,239,81,336,125,existing,66.7194100004138,239,81,336,125,existing,66.7194100004138,239,81,336,471,existing,16.308630395835745
240,240,46,339,366,allocated,342.03416773334214,240,46,339,76,allocated,536.3500742124663,240,46,339,116,existing,414.91610092145675
241,241,46,340,366,allocated,260.7043589911059,241,46,340,76,allocated,455.0202654702301,241,46,340,116,existing,333.58629217922055
242,242,81,341,125,existing,348.9035845500652,242,81,341,125,existing,348.9035845500652,242,81,341,471,existing,298.49280494548714
243,243,24,342,191,allocated,462.7644137458386,243,24,342,192,allocated,254.4642321780044,243,24,342,471,existing,417.4946042840226
244,244,81,343,125,existing,170.355851304084,244,81,343,125,existing,170.355851304084,244,81,343,471,existing,119.94507169950595
245,245,81,344,125,existing,323.75279226210085,245,81,344,125,existing,323.75279226210085,245,81,344,471,existing,273.3420126575228
246,246,41,345,328,allocated,236.40731342303866,246,41,345,328,allocated,236.40731342303866,246,41,345,502,existing,326.08129895386276
247,247,43,346,349,allocated,378.805348705896,247,43,346,246,allocated,389.98984523649585,247,43,346,62,existing,333.7855719765429
248,248,41,347,328,allocated,515.1075064546789,248,41,347,246,allocated,130.09331408219873,248,41,347,492,existing,111.29706898605208
249,249,43,348,349,allocated,91.88676422819748,249,43,348,369,existing,263.97459138662447,249,43,348,159,existing,512.3896245080748
250,250,43,349,349,allocated,0.0,250,43,349,369,existing,355.86135561482195,250,43,349,492,existing,471.15887751981234
251,251,43,350,349,allocated,290.3975682274464,251,43,350,246,allocated,422.15169236061683,251,43,350,492,existing,180.76130929236595
252,252,41,351,328,allocated,447.2035604254965,252,41,351,328,allocated,447.2035604254965,252,41,351,502,existing,357.5295748946724
253,253,83,352,377,existing,253.08424487638433,253,83,352,353,allocated,24.628144260717754,253,83,352,450,allocated,247.4113266512469
254,254,83,353,377,existing,277.7123891371021,254,83,353,353,allocated,0.0,254,83,353,450,allocated,222.78318239052913
255,255,41,354,328,allocated,467.2004219971851,255,41,354,246,allocated,357.1040076942306,255,41,354,62,existing,350.0142262018032
256,256,18,355,145,allocated,305.4596682790563,256,18,355,315,existing,354.2895661889615,256,18,355,480,existing,407.9823338384427
257,257,82,356,315,existing,66.51365929042389,257,82,356,315,existing,66.51365929042389,257,82,356,471,existing,393.7243147271095
258,258,42,357,333,allocated,38.6167794050614,258,42,357,328,allocated,616.5781703265559,258,42,357,62,existing,135.67568202291136
259,259,42,358,333,allocated,652.1689816852769,259,42,358,192,allocated,579.5680800831409,259,42,358,62,existing,492.82430578185745
260,260,24,359,191,allocated,617.7423729311076,260,24,359,192,allocated,470.6831923681428,260,24,359,193,existing,389.270161640983
261,261,42,360,333,allocated,436.25545261335526,261,42,360,246,allocated,318.1672644453355,261,42,360,62,existing,261.9629911853825
262,262,84,361,567,existing,309.8268583345412,262,84,361,567,existing,309.8268583345412,262,84,361,159,existing,229.98879461585594
263,263,84,362,567,existing,366.62700606719443,263,84,362,567,existing,366.62700606719443,263,84,362,159,existing,286.7889423485091
264,264,24,363,191,allocated,461.1298847751309,264,24,363,192,allocated,252.82970320729666,264,24,363,194,allocated,478.5004762817649
265,265,83,365,377,existing,486.6323395067456,265,83,365,353,allocated,293.7226179501631,265,83,365,450,allocated,70.939435559634
266,266,76,369,369,existing,0.0,266,76,369,369,existing,0.0,266,76,369,159,existing,350.4519392161272
267,267,76,370,369,existing,116.0733953611556,267,76,370,369,existing,116.0733953611556,267,76,370,159,existing,466.5253345772828
268,268,80,372,176,existing,418.6692965732383,268,80,372,220,allocated,512.3036820258926,268,80,372,235,allocated,183.086554807375
269,269,46,373,366,allocated,685.111696413443,269,46,373,76,allocated,695.1409172844682,269,46,373,116,existing,698.962416339458
270,270,46,374,366,allocated,150.15472387251603,270,46,374,76,allocated,346.32735733239,270,46,374,116,existing,164.00544379853096
271,271,83,375,377,existing,101.17672699682052,271,83,375,353,allocated,176.53566214028157,271,83,375,550,existing,312.97739993351934
272,272,24,378,191,allocated,444.53848121159274,272,24,378,192,allocated,236.23829964375847,272,24,378,471,existing,435.72053681826856
273,273,24,379,191,allocated,231.00293291267695,273,24,379,192,allocated,22.702751344842703,273,24,379,194,allocated,248.373524419311
274,274,81,380,125,existing,171.3889132497822,274,81,380,125,existing,171.3889132497822,274,81,380,471,existing,120.97813364520415
275,275,81,381,125,existing,155.55642693731727,275,81,381,125,existing,155.55642693731727,275,81,381,471,existing,105.1456473327392
276,276,24,382,191,allocated,385.7269307672637,276,24,382,192,allocated,177.42674919942945,276,24,382,194,allocated,403.09752227389777
277,277,83,383,377,existing,178.10833225806275,277,83,383,353,allocated,99.60405687903935,277,83,383,450,allocated,322.38723926956845
278,278,83,384,377,existing,234.89954309868259,278,83,384,353,allocated,156.3952677196592,278,83,384,450,allocated,379.1784501101883
279,279,81,385,125,existing,326.93692207647496,279,81,385,125,existing,326.93692207647496,279,81,385,471,existing,276.5261424718969
280,280,41,386,328,allocated,556.3227457652595,280,41,386,246,allocated,357.3821950763304,280,41,386,492,existing,465.30458382281427
281,281,42,387,333,allocated,469.8522886372672,281,42,387,192,allocated,413.29108773197436,281,42,387,194,allocated,638.9618608064427
282,282,42,388,333,allocated,423.87318147829706,282,42,388,192,allocated,459.27019489094454,282,42,388,62,existing,598.1656429062698
283,283,73,390,188,existing,490.56226736954943,283,73,390,188,existing,490.56226736954943,283,73,390,69,allocated,86.19990182112578
284,284,73,391,188,existing,502.9900941289689,284,73,391,188,existing,502.9900941289689,284,73,391,69,allocated,98.62772858054522
285,285,18,392,145,allocated,84.36282018100711,285,18,392,188,existing,554.3253742783129,285,18,392,480,existing,18.159845378379238
286,286,77,393,233,existing,470.74512250507684,286,77,393,76,allocated,113.85367227898875,286,77,393,15,allocated,250.54827973802924
287,287,77,394,233,existing,420.57920735619115,287,77,394,76,allocated,164.01958742787443,287,77,394,15,allocated,300.7141948869149
288,288,83,395,377,existing,384.8333785935026,288,83,395,353,allocated,306.3291032144792,288,83,395,450,allocated,357.163795077376
289,289,83,396,377,existing,398.07718710521436,289,83,396,353,allocated,401.31535576341145,289,83,396,450,allocated,262.1775425284437
290,290,42,397,333,allocated,465.78810837109916,290,42,397,192,allocated,454.0516960042478,290,42,397,62,existing,640.0805697990719
291,291,42,398,333,allocated,341.181634378902,291,42,398,192,allocated,541.9617419903395,291,42,398,62,existing,515.4740958068747
292,292,18,399,145,allocated,606.4293942139872,292,18,399,315,existing,777.9129010036136,292,18,399,480,existing,503.90672865460084
293,293,84,400,567,existing,448.9752433496405,293,84,400,567,existing,448.9752433496405,293,84,400,62,existing,325.5905811562544
294,294,84,401,567,existing,522.9926550398061,294,84,401,567,existing,522.9926550398061,294,84,401,62,existing,399.60799284642
295,295,46,402,366,allocated,478.0009340919254,295,46,402,220,allocated,319.22701214235025,295,46,402,235,allocated,344.0039689313608
296,296,41,403,328,allocated,72.3879794725549,296,41,403,328,allocated,72.3879794725549,296,41,403,502,existing,17.286006058269198
297,297,42,410,333,allocated,409.5423489628089,297,42,410,192,allocated,571.4610064138186,297,42,410,62,existing,583.8348103907816
298,298,42,411,333,allocated,593.163828514011,298,42,411,192,allocated,638.5732332544068,298,42,411,62,existing,433.8191526105916
299,299,81,412,125,existing,415.89307836298843,299,81,412,125,existing,415.89307836298843,299,81,412,471,existing,365.48229875841037
300,300,18,416,145,allocated,422.30179807442266,300,18,416,188,existing,625.1035040257161,300,18,416,69,allocated,220.74113847729248
301,301,18,417,145,allocated,257.2829683254736,301,18,417,188,existing,727.2455224227795,301,18,417,480,existing,154.7603027660872
302,302,75,420,261,existing,558.746034488971,302,75,420,76,allocated,953.1459778213223,302,75,420,15,allocated,1085.943849895329
303,303,46,422,366,allocated,750.3656230729863,303,46,422,76,allocated,760.3948439440114,303,46,422,116,existing,764.2163429990012
304,304,46,423,366,allocated,678.3993102231315,304,46,423,76,allocated,688.4285310941566,304,46,423,116,existing,692.2500301491464
305,305,41,424,328,allocated,293.36402027637104,305,41,424,246,allocated,209.50959432010217,305,41,424,502,existing,257.63644782340737
306,306,46,425,366,allocated,590.0492962579502,306,46,425,76,allocated,600.0785171289754,306,46,425,116,existing,603.9000161839651
307,307,41,426,328,allocated,384.13530462410677,307,41,426,328,allocated,384.13530462410677,307,41,426,502,existing,329.0333312098211
308,308,41,427,328,allocated,640.7264456398077,308,41,427,328,allocated,640.7264456398077,308,41,427,502,existing,585.6244722255221
309,309,75,428,261,existing,597.6204079369948,309,75,428,76,allocated,528.0528609056385,309,75,428,15,allocated,582.5160655388277
310,310,75,430,261,existing,544.204217650883,310,75,430,76,allocated,651.0815267507919,310,75,430,15,allocated,705.5447313839811
311,311,75,431,261,existing,529.3545389750859,311,75,431,76,allocated,651.3342019127462,311,75,431,15,allocated,705.7974065459355
312,312,75,433,261,existing,607.2475007671687,312,75,433,76,allocated,537.6799537358124,312,75,433,15,allocated,592.1431583690016
313,313,43,434,349,allocated,600.62186959144,313,43,434,246,allocated,370.8533751398785,313,43,434,492,existing,129.46299207162767
314,314,43,435,349,allocated,183.9568048652891,314,43,435,369,existing,539.818160480111,314,43,435,492,existing,491.01526534556325
315,315,43,436,349,allocated,270.0111327743463,315,43,436,369,existing,625.8724883891683,315,43,436,492,existing,577.0695932546205
316,316,75,437,261,existing,243.75504123531903,316,75,437,76,allocated,439.7729097706717,316,75,437,15,allocated,572.5707818446784
317,317,43,438,349,allocated,674.4782808571997,317,43,438,452,existing,978.7084165026847,317,43,438,570,allocated,533.3830581702274
318,318,43,439,349,allocated,427.82991860890303,318,43,439,452,existing,732.0600542543882,318,43,439,570,allocated,286.73469592193084
319,319,42,440,333,allocated,380.71576932724685,319,42,440,192,allocated,486.9421354268989,319,42,440,62,existing,221.37109342382735
320,320,81,441,125,existing,756.0811819555047,320,81,441,125,existing,756.0811819555047,320,81,441,550,existing,561.587384321374
321,321,24,443,191,allocated,507.80808672341686,321,24,443,192,allocated,299.50790515558265,321,24,443,194,allocated,525.1786782300509
322,322,41,444,328,allocated,554.5856737533078,322,41,444,246,allocated,444.4892594503533,322,41,444,62,existing,437.3994779579259
323,323,80,445,176,existing,179.94060133643865,323,80,445,41,existing,300.29234329725404,323,80,445,235,allocated,400.62802902581103
324,324,80,446,176,existing,246.79131506520238,324,80,446,41,existing,367.1430570260178,324,80,446,235,allocated,467.4787427545748
325,325,80,447,176,existing,214.23454028677241,325,80,447,41,existing,334.5862822475878,325,80,447,235,allocated,434.9219679761448
326,326,80,448,176,existing,210.5985259633013,326,80,448,41,existing,330.9502679241167,326,80,448,235,allocated,431.2859536526737
327,327,77,449,233,existing,485.8776947961801,327,77,449,76,allocated,98.72109998788551,327,77,449,15,allocated,235.41570744692598
328,328,83,450,377,existing,500.4955715276312,328,83,450,353,allocated,222.78318239052913,328,83,450,450,allocated,0.0
329,329,72,453,369,existing,571.1251597123105,329,72,453,452,existing,520.6210733704905,329,72,453,570,allocated,298.28603266216516
330,330,41,454,328,allocated,444.3352290616908,330,41,454,246,allocated,59.321036689210686,330,41,454,492,existing,182.06934637904016
331,331,43,455,349,allocated,90.99672727169002,331,43,455,369,existing,446.85808288651197,331,43,455,492,existing,398.0551877519642
332,332,85,456,187,existing,106.6183269594093,332,85,456,188,existing,237.07108605695487,332,85,456,146,existing,127.15985783614009
333,333,71,457,367,existing,259.82843726794886,333,71,457,452,existing,340.7275010633445,333,71,457,159,existing,296.75559967739594
334,334,71,459,367,existing,314.29111340701394,334,71,459,452,existing,395.1901772024096,334,71,459,159,existing,351.218275816461
335,335,71,460,367,existing,274.1975635502756,335,71,460,452,existing,355.09662734567127,335,71,460,159,existing,353.84968110706984
336,336,43,461,349,allocated,260.91076727290846,336,43,461,369,existing,335.3555570662364,336,43,461,159,existing,398.7072394855941
337,337,71,465,367,existing,164.41986244112815,337,71,465,452,existing,245.31892623652377,337,71,465,159,existing,392.16417450421665
338,338,43,467,349,allocated,244.99223759252789,338,43,467,369,existing,319.4370273858558,338,43,467,159,existing,414.62576916597465
339,339,43,469,349,allocated,403.608456688615,339,43,469,246,allocated,268.8021128371431,339,43,469,62,existing,341.37211951042934
340,340,43,470,349,allocated,158.48876701712825,340,43,470,369,existing,232.9335568104561,340,43,470,159,existing,481.34858993190653
341,341,81,471,125,existing,50.41077960457806,341,81,471,125,existing,50.41077960457806,341,81,471,471,existing,0.0
342,342,18,472,145,allocated,571.2017006505495,342,18,472,315,existing,813.1405945670513,342,18,472,480,existing,468.67903509116314
343,343,18,473,145,allocated,665.3967922767841,343,18,473,315,existing,775.5658982704649,343,18,473,480,existing,562.8741267173978
344,344,18,474,145,allocated,461.8983017278398,344,18,474,188,existing,556.6694204547075,344,18,474,69,allocated,152.30705490628378
345,345,18,475,145,allocated,441.384867333703,345,18,475,188,existing,606.0204347664359,345,18,475,69,allocated,201.65806921801217
346,346,73,476,188,existing,467.8915290882915,346,73,476,188,existing,467.8915290882915,346,73,476,69,allocated,63.529163539867845
347,347,73,477,188,existing,397.66010584792804,347,73,477,188,existing,397.66010584792804,347,73,477,69,allocated,152.13671035416235
348,348,18,478,145,allocated,164.8312109516925,348,18,478,188,existing,634.7937650489982,348,18,478,480,existing,62.308545392306144
349,349,18,479,145,allocated,414.25796000763887,349,18,479,188,existing,884.2205141049446,349,18,479,480,existing,311.73529444825255
350,350,18,480,145,allocated,102.52266555938635,350,18,480,188,existing,572.4852196566922,350,18,480,480,existing,0.0
351,351,73,481,188,existing,221.86380843239027,351,73,481,188,existing,221.86380843239027,351,73,481,146,existing,344.43259267915147
352,352,18,482,145,allocated,122.52026149547433,352,18,482,188,existing,347.4422926018315,352,18,482,146,existing,16.788651291263463
353,353,46,484,366,allocated,651.5746552407948,353,46,484,220,allocated,332.9354871282629,353,46,484,235,allocated,365.1395157293137
354,354,82,485,315,existing,231.94102409329642,354,82,485,315,existing,231.94102409329642,354,82,485,471,existing,306.20516103357556
355,355,85,486,187,existing,250.04546419352303,355,85,486,188,existing,329.7922388082611,355,85,486,146,existing,236.50416230328065
356,356,85,487,187,existing,182.5610112365427,356,85,487,188,existing,313.01377033408824,356,85,487,146,existing,169.01970934630032
357,357,41,488,328,allocated,435.0101208000175,357,41,488,328,allocated,435.0101208000175,357,41,488,502,existing,434.14521584342776
358,358,42,491,333,allocated,550.3225385933443,358,42,491,246,allocated,512.1762828278457,358,42,491,62,existing,376.0300771653716
359,359,43,492,349,allocated,471.15887751981234,359,43,492,246,allocated,241.39038306825086,359,43,492,492,existing,0.0
360,360,43,493,349,allocated,527.7737406807347,360,43,493,452,existing,632.1162321825565,360,43,493,570,allocated,186.7908738500992
361,361,41,494,328,allocated,428.93864559193764,361,41,494,328,allocated,428.93864559193764,361,41,494,502,existing,373.83667217765196
362,362,43,495,349,allocated,339.0493237367332,362,43,495,369,existing,694.9106793515551,362,43,495,570,allocated,375.5152907941007
363,363,76,496,369,existing,593.3568586723651,363,76,496,452,existing,542.8527723305451,363,76,496,570,allocated,276.05433370211057
364,364,75,497,261,existing,428.6919182900232,364,75,497,76,allocated,254.8360327159675,364,75,497,15,allocated,387.6339047899743
365,365,43,498,349,allocated,477.8440879492723,365,43,498,246,allocated,695.7246578493041,365,43,498,492,existing,454.3342747810533
366,366,83,499,377,existing,36.58475560050277,366,83,499,353,allocated,272.7636871214321,366,83,499,550,existing,409.20542491466983
367,367,85,500,187,existing,27.868482737353126,367,85,500,314,existing,249.44990502992303,367,85,500,146,existing,205.90970205819627
368,368,85,504,187,existing,16.19147554771046,368,85,504,314,existing,291.90478832460894,368,85,504,146,existing,248.36458535288216
369,369,46,515,366,allocated,261.692967290038,369,46,515,41,existing,521.272118792948,369,46,515,116,existing,334.5749004781526
370,370,41,516,328,allocated,247.55530333771733,370,41,516,246,allocated,137.45888903476282,370,41,516,502,existing,209.67149535843544
371,371,81,531,125,existing,294.2367636375873,371,81,531,125,existing,294.2367636375873,371,81,531,235,allocated,247.18032013305017
372,372,83,532,377,existing,169.68098080348557,372,83,532,353,allocated,245.03991594694665,372,83,532,550,existing,244.47314612685423
373,373,83,533,377,existing,195.69383955341482,373,83,533,353,allocated,271.05277469687593,373,83,533,550,existing,218.46028737692498
374,374,24,534,191,allocated,391.3592528300794,374,24,534,192,allocated,183.05907126224517,374,24,534,194,allocated,408.7298443367134
375,375,80,536,176,existing,415.1912340062672,375,80,536,41,existing,509.30895798353424,375,80,536,235,allocated,469.6324017160658
376,376,80,537,176,existing,345.2229523697637,376,80,537,41,existing,439.3406763470307,376,80,537,235,allocated,399.6641200795622
377,377,42,538,333,allocated,464.62809159268915,377,42,538,246,allocated,597.870729828501,377,42,538,62,existing,290.3356301647164
378,378,75,539,261,existing,558.4240678321326,378,75,539,76,allocated,488.85652080077625,378,75,539,15,allocated,543.3197254339655
379,379,71,540,367,existing,381.8080002907161,379,71,540,452,existing,462.7070640861117,379,71,540,159,existing,418.7351627001632
380,380,73,541,188,existing,408.72038036247756,380,73,541,188,existing,408.72038036247756,380,73,541,69,allocated,163.19698486871187
381,381,80,542,176,existing,217.6354135443694,381,80,542,41,existing,337.9871555051848,381,80,542,235,allocated,272.076581254168
382,382,73,543,188,existing,502.5141443042063,382,73,543,188,existing,502.5141443042063,382,73,543,69,allocated,256.9907488104406
383,383,73,545,188,existing,519.1057201553652,383,73,545,188,existing,519.1057201553652,383,73,545,1,existing,254.25224594437935
384,384,83,547,377,existing,99.59913490084429,384,83,547,353,allocated,335.77806642177364,384,83,547,550,existing,365.2536653817406
385,385,18,548,145,allocated,460.45080922354964,385,18,548,188,existing,930.4133633208555,385,18,548,480,existing,357.92814366416326
386,386,46,549,366,allocated,353.93720462327803,386,46,549,76,allocated,548.2531111024023,386,46,549,116,existing,426.8191378113927
387,387,42,551,333,allocated,269.6658401751392,387,42,551,328,allocated,538.8360972727852,387,42,551,62,existing,366.72474279298916
388,388,83,552,377,existing,158.6153508275319,388,83,552,353,allocated,233.97428597099295,388,83,552,550,existing,370.41602376423066
389,389,83,553,377,existing,186.42607966522363,389,83,553,353,allocated,261.78501480868465,389,83,553,550,existing,398.2267526019224
390,390,46,554,366,allocated,795.1603106543914,390,46,554,220,allocated,189.34983171466635,390,46,554,235,allocated,508.7251711429102
391,391,80,555,176,existing,808.2093469095331,391,80,555,220,allocated,170.4136502362927,391,80,555,235,allocated,499.63077745481036
392,392,42,558,333,allocated,582.2494261114396,392,42,558,192,allocated,649.4876356569782,392,42,558,62,existing,422.9047502080201
393,393,80,559,176,existing,104.89379692183795,393,80,559,41,existing,191.4139070317169,393,80,559,159,existing,360.5545948422342
394,394,42,560,333,allocated,527.9901686418496,394,42,560,192,allocated,355.15320772739204,394,42,560,194,allocated,580.8239808018603
395,395,41,563,328,allocated,334.565998712689,395,41,563,328,allocated,334.565998712689,395,41,563,502,existing,298.83842625972534
396,396,41,564,328,allocated,289.74459823447125,396,41,564,328,allocated,289.74459823447125,396,41,564,502,existing,254.01702578150758
397,397,41,565,328,allocated,375.69036532152853,397,41,565,246,allocated,291.83593936525966,397,41,565,502,existing,339.96279286856486
398,398,84,567,567,existing,0.0,398,84,567,567,existing,0.0,398,84,567,159,existing,79.83806371868525
399,399,41,568,328,allocated,579.3911545463106,399,41,568,328,allocated,579.3911545463106,399,41,568,502,existing,524.289181132025
400,400,43,569,349,allocated,603.0718806947984,400,43,569,452,existing,707.4143721966202,400,43,569,570,allocated,111.49273383603541
401,401,43,570,349,allocated,714.5646145308339,401,43,570,452,existing,818.9071060326556,401,43,570,570,allocated,0.0
402,402,24,571,191,allocated,540.104733088502,402,24,571,192,allocated,331.80455152066787,402,24,571,194,allocated,557.475324595136
403,403,41,572,328,allocated,518.1512659945736,403,41,572,328,allocated,518.1512659945736,403,41,572,502,existing,607.8252515253977
404,404,75,573,261,existing,717.8804801729052,404,75,573,76,allocated,407.9274736652865,404,75,573,15,allocated,462.3906782984758
405,405,81,575,125,existing,223.02250331998744,405,81,575,125,existing,223.02250331998744,405,81,575,471,existing,273.4332829245655
406,406,41,579,328,allocated,500.2921836874636,406,41,579,328,allocated,500.2921836874636,406,41,579,502,existing,562.3323332355429
407,407,46,580,366,allocated,572.9972805121686,407,46,580,76,allocated,76.51519930726246,407,46,580,15,allocated,213.20980676630293
