,assign_from_var_id_grocery,assign_to_var_id_grocery,assign_from_node_id_grocery,assign_to_node_id_grocery,assign_type_grocery,dist_grocery,assign_from_var_id_school,assign_to_var_id_school,assign_from_node_id_school,assign_to_node_id_school,assign_type_school,dist_school,assign_from_var_id_healthcare,assign_to_var_id_healthcare,assign_from_node_id_healthcare,assign_to_node_id_healthcare,assign_type_healthcare,dist_healthcare,0_assign_from_var_id_restaurant,0_assign_to_var_id_restaurant,0_assign_from_node_id_restaurant,0_assign_to_node_id_restaurant,0_assign_type_restaurant,0_dist_restaurant,1_assign_from_var_id_restaurant,1_assign_to_var_id_restaurant,1_assign_from_node_id_restaurant,1_assign_to_node_id_restaurant,1_assign_type_restaurant,1_dist_restaurant,2_assign_from_var_id_restaurant,2_assign_to_var_id_restaurant,2_assign_from_node_id_restaurant,2_assign_to_node_id_restaurant,2_assign_type_restaurant,2_dist_restaurant,3_assign_from_var_id_restaurant,3_assign_to_var_id_restaurant,3_assign_from_node_id_restaurant,3_assign_to_node_id_restaurant,3_assign_type_restaurant,3_dist_restaurant,4_assign_from_var_id_restaurant,4_assign_to_var_id_restaurant,4_assign_from_node_id_restaurant,4_assign_to_node_id_restaurant,4_assign_type_restaurant,4_dist_restaurant,5_assign_from_var_id_restaurant,5_assign_to_var_id_restaurant,5_assign_from_node_id_restaurant,5_assign_to_node_id_restaurant,5_assign_type_restaurant,5_dist_restaurant,6_assign_from_var_id_restaurant,6_assign_to_var_id_restaurant,6_assign_from_node_id_restaurant,6_assign_to_node_id_restaurant,6_assign_type_restaurant,6_dist_restaurant
0,0,52,0,148,existing,641.5209456997385,0,52,0,149,existing,231.92972304909432,0,52,0,1,allocated,23.117548180230347,0,60,0,42,existing,387.25159491722957,0,59,0,42,existing,387.25159491722957,0,61,0,113,existing,411.09733594936773,0,63,0,184,existing,1371.0156850517915,0,62,0,184,existing,1371.0156850517915,0,65,0,73,existing,1643.9139324512448,0,64,0,75,existing,1603.3396345167594
1,1,52,1,148,existing,661.6063404531234,1,52,1,149,existing,208.812174868864,1,52,1,1,allocated,0.0,1,60,1,42,existing,364.13404673699915,1,59,1,42,existing,364.13404673699915,1,61,1,113,existing,387.9797877691374,1,63,1,184,existing,1394.1332332320217,1,62,1,184,existing,1394.1332332320217,1,64,1,75,existing,1626.4571826969898,1,65,1,73,existing,1667.0314806314752
2,2,55,2,184,existing,377.5943380329476,2,55,2,100,existing,167.70359708452366,2,55,2,3,allocated,74.1793679229672,2,63,2,184,existing,377.5943380329476,2,62,2,184,existing,377.5943380329476,2,64,2,75,existing,392.6452980563054,2,65,2,73,existing,488.25836842118565,2,59,2,42,existing,1597.9459313776836,2,61,2,113,existing,1621.7916724098218,2,60,2,42,existing,1597.9459313776836
3,3,56,3,75,existing,318.46593013333825,3,56,3,100,existing,241.88296500749087,3,56,3,3,allocated,0.0,3,64,3,75,existing,318.46593013333825,3,65,3,73,existing,414.0790004982184,3,62,3,184,existing,451.7737059559148,3,63,3,184,existing,451.7737059559148,3,61,3,113,existing,1695.971040332789,3,59,3,42,existing,1672.1252993006508,3,60,3,42,existing,1672.1252993006508
4,4,56,4,75,existing,613.7390337929568,4,56,4,95,existing,473.92538145939716,4,56,4,201,allocated,522.3347901692603,4,64,4,75,existing,613.7390337929568,4,65,4,73,existing,624.5041645283526,4,63,4,184,existing,879.4786821283673,4,62,4,184,existing,879.4786821283673,4,59,4,42,existing,1771.9867979662176,4,60,4,42,existing,1771.9867979662176,4,61,4,113,existing,1795.8325389983556
5,5,57,5,73,existing,650.4371900699408,5,57,5,95,existing,645.4839135688334,5,57,5,201,allocated,350.7762580598241,5,65,5,73,existing,650.4371900699408,5,64,5,75,existing,692.2975501022138,5,62,5,184,existing,964.7550924620809,5,63,5,184,existing,964.7550924620809,5,60,5,42,existing,1943.5453300756537,5,61,5,113,existing,1967.391071107792,5,59,5,42,existing,1943.5453300756537
6,6,54,6,165,existing,546.9361801902143,6,54,6,100,existing,406.1925574628981,6,54,6,211,existing,208.351478578896,6,63,6,184,existing,612.7466278424873,6,62,6,184,existing,612.7466278424873,6,64,6,75,existing,707.1849533555207,6,65,6,73,existing,802.7980237204009,6,59,6,42,existing,1356.8049234320417,6,61,6,113,existing,1380.65066446418,6,60,6,42,existing,1356.8049234320417
7,7,54,7,165,existing,762.4775847720298,7,54,7,224,existing,514.7843087135789,7,54,7,137,allocated,243.5200236779105,7,63,7,184,existing,827.075371058072,7,62,7,184,existing,827.075371058072,7,64,7,75,existing,849.3277105837626,7,65,7,73,existing,944.9407809486429,7,59,7,42,existing,1141.2635188502263,7,61,7,113,existing,1165.1092598823645,7,60,7,42,existing,1141.2635188502263
8,8,54,8,165,existing,348.4017076965778,8,54,8,224,existing,667.1317637197286,8,54,8,236,allocated,188.4203831791463,8,63,8,184,existing,683.1359693625409,8,62,8,184,existing,683.1359693625409,8,64,8,75,existing,1015.2503491568507,8,59,8,42,existing,1086.0715042605163,8,61,8,113,existing,1109.9172452926546,8,60,8,42,existing,1086.0715042605163,8,65,8,73,existing,1110.863419521731
9,9,54,9,165,existing,485.0524229362295,9,54,9,224,existing,530.4810484800769,9,54,9,137,allocated,259.2167634444086,9,63,9,184,existing,819.7866846021925,9,62,9,184,existing,819.7866846021925,9,59,9,42,existing,949.4207890208646,9,60,9,42,existing,949.4207890208646,9,61,9,113,existing,973.2665300530028,9,64,9,75,existing,1151.9010643965025,9,65,9,73,existing,1247.5141347613826
10,10,56,10,75,existing,542.7394362979276,10,56,10,95,existing,228.5951933022265,10,56,10,3,allocated,330.7335238612162,10,64,10,75,existing,542.7394362979276,10,65,10,73,existing,553.5964616807904,10,62,10,184,existing,634.1484939711966,10,63,10,184,existing,634.1484939711966,10,59,10,42,existing,1526.6566098090468,10,61,10,113,existing,1550.502350841185,10,60,10,42,existing,1526.6566098090468
11,11,56,11,75,existing,455.66582802995174,11,56,11,95,existing,315.8521756963921,11,56,11,201,allocated,399.68285954327075,11,64,11,75,existing,455.66582802995174,11,65,11,73,existing,466.43095876534755,11,63,11,184,existing,721.4054763653621,11,62,11,184,existing,721.4054763653621,11,60,11,42,existing,1613.9135922032124,11,61,11,113,existing,1637.7593332353506,11,59,11,42,existing,1613.9135922032124
12,12,58,12,50,existing,656.5169405348811,12,58,12,214,existing,496.0985950334774,12,58,12,204,allocated,338.0879160635925,12,60,12,42,existing,1167.399732493556,12,59,12,42,existing,1167.399732493556,12,63,12,184,existing,1572.4572307633457,12,61,12,113,existing,1191.2454735256943,12,62,12,184,existing,1572.4572307633457,12,64,12,75,existing,1583.0324672845459,12,65,12,73,existing,1593.8894926674088
13,13,58,13,50,existing,568.8756431084865,13,58,13,214,existing,408.4572976070828,13,58,13,204,allocated,250.44661863719787,13,60,13,42,existing,1219.652827150355,13,59,13,42,existing,1219.652827150355,13,63,13,184,existing,1484.8159333369513,13,61,13,113,existing,1243.4985681824933,13,62,13,184,existing,1484.8159333369513,13,64,13,75,existing,1495.391169858151,13,65,13,73,existing,1506.248195241014
14,14,58,14,50,existing,743.3897334521837,14,58,14,202,existing,506.76676546402115,14,58,14,204,allocated,424.960708980895,14,60,14,42,existing,1080.5269395762534,14,59,14,42,existing,1080.5269395762534,14,61,14,113,existing,1104.3726806083914,14,62,14,184,existing,1659.3300236806485,14,65,14,73,existing,1680.7622855847112,14,63,14,184,existing,1659.3300236806485,14,64,14,75,existing,1669.9052602018483
15,15,52,15,148,existing,667.1621729028208,15,52,15,149,existing,391.17429616657626,15,52,15,180,allocated,110.50929888780908,15,60,15,42,existing,369.68987918669654,15,59,15,42,existing,369.68987918669654,15,63,15,184,existing,1931.8995776003937,15,61,15,113,existing,393.53562021883465,15,64,15,75,existing,1951.0249170173304,15,62,15,184,existing,1931.8995776003937,15,65,15,73,existing,1961.8819424001933
16,16,52,16,148,existing,1040.1804059243254,16,52,16,202,existing,662.8530360144061,16,52,16,89,allocated,105.32615046517637,16,60,16,42,existing,742.7081122082011,16,59,16,42,existing,742.7081122082011,16,63,16,184,existing,1998.6317831225997,16,61,16,113,existing,766.5538532403393,16,62,16,184,existing,1998.6317831225997,16,65,16,73,existing,2020.0640450266626,16,64,16,75,existing,2009.2070196437996
17,17,52,17,148,existing,961.8676893694583,17,52,17,198,existing,1123.1551856868061,17,52,17,111,allocated,525.5750547208265,17,61,17,113,existing,796.5529527456001,17,60,17,42,existing,820.3986937777383,17,59,17,42,existing,820.3986937777383,17,63,17,184,existing,2438.581272304271,17,65,17,73,existing,2851.5642211462127,17,64,17,75,existing,2770.695652098581,17,62,17,184,existing,2438.581272304271
18,18,52,18,148,existing,898.0172323230778,18,52,18,198,existing,1059.3047286404255,18,52,18,111,allocated,461.72459767444604,18,61,18,113,existing,732.7024956992196,18,59,18,42,existing,756.5482367313577,18,60,18,42,existing,756.5482367313577,18,62,18,184,existing,2374.7308152578908,18,65,18,73,existing,2787.713764099832,18,63,18,184,existing,2374.7308152578908,18,64,18,75,existing,2706.845195052201
19,19,58,19,50,existing,839.8800341750105,19,58,19,202,existing,592.0034220565892,19,58,19,89,allocated,348.13760918430114,19,60,19,42,existing,984.0366388534266,19,59,19,42,existing,984.0366388534266,19,63,19,184,existing,1755.8203244034753,19,61,19,113,existing,1007.8823798855648,19,65,19,73,existing,1777.252586307538,19,62,19,184,existing,1755.8203244034753,19,64,19,75,existing,1766.395560924675
20,20,58,20,50,existing,1083.880019447038,20,58,20,202,existing,348.0034367845617,20,58,20,202,allocated,348.0034367845617,20,60,20,42,existing,1228.0366241254542,20,59,20,42,existing,1228.0366241254542,20,63,20,184,existing,1999.8203096755026,20,61,20,113,existing,1251.8823651575922,20,62,20,184,existing,1999.8203096755026,20,65,20,73,existing,2021.2525715795655,20,64,20,75,existing,2010.3955461967025
21,21,52,21,148,existing,380.4691068013267,21,52,21,198,existing,124.8009702090614,21,52,21,47,allocated,184.2923358485246,21,60,21,42,existing,464.019786652727,21,59,21,42,existing,464.019786652727,21,61,21,113,existing,487.86552768486524,21,63,21,184,existing,1632.0675239502034,21,64,21,75,existing,1864.3914734151713,21,65,21,73,existing,1904.9657713496567,21,62,21,184,existing,1632.0675239502034
22,22,52,22,148,existing,468.31492195071166,22,52,22,198,existing,212.64678535844635,22,52,22,47,allocated,96.44652069913967,22,60,22,42,existing,376.17397150334205,22,59,22,42,existing,376.17397150334205,22,61,22,113,existing,400.01971253548027,22,63,22,184,existing,1544.2217088008183,22,62,22,184,existing,1544.2217088008183,22,65,22,73,existing,1817.1199562002719,22,64,22,75,existing,1776.5456582657864
23,23,52,23,148,existing,1292.1114719538332,23,52,23,198,existing,1453.398968271181,23,52,23,24,allocated,369.0549626080267,23,61,23,113,existing,1126.796735329975,23,60,23,42,existing,1150.6424763621133,23,63,23,184,existing,2768.825054888646,23,59,23,42,existing,1150.6424763621133,23,65,23,73,existing,3181.808003730587,23,62,23,184,existing,2768.825054888646,23,64,23,75,existing,3100.939434682956
24,24,58,25,50,existing,1244.4775932130208,24,58,25,202,existing,250.37046947014116,24,58,25,280,allocated,124.40905991588735,24,60,25,42,existing,1216.0647569679318,24,59,25,42,existing,1216.0647569679318,24,61,25,113,existing,1239.91049800007,24,63,25,184,existing,2215.51741270391,24,62,25,184,existing,2215.51741270391,24,65,25,73,existing,2236.949674607973,24,64,25,75,existing,2226.09264922511
25,25,58,26,50,existing,1126.256212336318,25,58,26,202,existing,132.14908859343834,25,58,26,202,allocated,132.14908859343834,25,60,26,42,existing,1273.4120596291687,25,59,26,42,existing,1273.4120596291687,25,61,26,113,existing,1297.2578006613069,25,62,26,184,existing,2097.296031827207,25,64,26,75,existing,2107.8712683484073,25,63,26,184,existing,2097.296031827207,25,65,26,73,existing,2118.7282937312702
26,26,58,29,50,existing,1376.8353839057472,26,58,29,202,existing,382.7282601628677,26,58,29,280,allocated,97.50237266827212,26,60,29,42,existing,1254.221443709102,26,59,29,42,existing,1254.221443709102,26,61,29,113,existing,1278.0671847412402,26,63,29,184,existing,2357.7013583887765,26,62,29,184,existing,2357.7013583887765,26,65,29,73,existing,2379.133620292839,26,64,29,75,existing,2368.276594909976
27,27,58,30,50,existing,1273.367604448369,27,58,30,202,existing,279.2604807054895,27,58,30,280,allocated,200.9701521256503,27,60,30,42,existing,1357.6892231664801,27,59,30,42,existing,1357.6892231664801,27,63,30,184,existing,2254.2335789313984,27,61,30,113,existing,1381.5349641986184,27,65,30,73,existing,2275.665840835461,27,62,30,184,existing,2254.2335789313984,27,64,30,75,existing,2264.808815452598
28,28,52,33,148,existing,326.50535796872003,28,52,33,198,existing,70.83722137645478,28,52,33,228,allocated,133.37008138837118,28,60,33,42,existing,517.9835354853336,28,59,33,42,existing,517.9835354853336,28,61,33,113,existing,541.8292765174718,28,62,33,184,existing,1686.03127278281,28,65,33,73,existing,1958.9295201822633,28,63,33,184,existing,1686.03127278281,28,64,33,75,existing,1918.3552222477779
29,29,58,34,50,existing,1172.549185711906,29,58,34,202,existing,178.44206196902635,29,58,34,202,allocated,178.44206196902635,29,60,34,42,existing,1459.0375562775796,29,59,34,42,existing,1459.0375562775796,29,63,34,184,existing,2143.5890052027953,29,61,34,113,existing,1482.8832973097178,29,62,34,184,existing,2143.5890052027953,29,65,34,73,existing,2165.0212671068584,29,64,34,75,existing,2154.1642417239955
30,30,58,35,50,existing,1120.3302167378672,30,58,35,202,existing,126.22309299498764,30,58,35,36,allocated,72.92768872725236,30,60,35,42,existing,1510.7266108769822,30,59,35,42,existing,1510.7266108769822,30,61,35,113,existing,1534.5723519091202,30,62,35,184,existing,2115.6368469840477,30,65,35,73,existing,2137.0691088881103,30,63,35,184,existing,2115.6368469840477,30,64,35,75,existing,2126.2120835052474
31,31,58,36,50,existing,1193.2579054651194,31,58,36,202,existing,199.15078172224,31,58,36,36,allocated,0.0,31,60,36,42,existing,1583.6542996042344,31,59,36,42,existing,1583.6542996042344,31,63,36,184,existing,2188.5645357113,31,61,36,113,existing,1607.5000406363727,31,62,36,184,existing,2188.5645357113,31,65,36,73,existing,2209.996797615363,31,64,36,75,existing,2199.1397722325
32,32,54,37,165,existing,617.8748249007224,32,54,37,214,existing,446.27996563033133,32,54,37,116,allocated,293.2250901172273,32,60,37,42,existing,660.3319816310213,32,59,37,42,existing,660.3319816310213,32,62,37,184,existing,1097.9352983379995,32,61,37,113,existing,684.1777226631596,32,64,37,75,existing,1430.0496781323095,32,65,37,73,existing,1525.6627484971898,32,63,37,184,existing,1097.9352983379995
33,33,54,38,165,existing,471.697693168565,33,54,38,214,existing,592.4570973624886,33,54,38,236,allocated,328.17978656025593,33,60,38,42,existing,806.5091133631786,33,59,38,42,existing,806.5091133631786,33,63,38,184,existing,951.7581666058422,33,61,38,113,existing,830.3548543953168,33,62,38,184,existing,951.7581666058422,33,64,38,75,existing,1283.8725464001523,33,65,38,73,existing,1379.4856167650323
34,34,58,39,50,existing,850.6686528283967,34,58,39,202,existing,288.5316545986605,34,58,39,120,allocated,273.2449283489033,34,60,39,42,existing,1648.0465239524585,34,59,39,42,existing,1648.0465239524585,34,61,39,113,existing,1671.8922649845967,34,62,39,184,existing,1845.975283074577,34,63,39,184,existing,1845.975283074577,34,64,39,75,existing,1856.550519595777,34,65,39,73,existing,1867.4075449786399
35,35,58,40,50,existing,1092.139468868598,35,58,40,202,existing,530.0024706388617,35,58,40,120,allocated,31.774112308701987,35,60,40,42,existing,1723.107684056269,35,59,40,42,existing,1723.107684056269,35,63,40,184,existing,2087.446099114778,35,61,40,113,existing,1746.9534250884071,35,65,40,73,existing,2108.878361018841,35,62,40,184,existing,2087.446099114778,35,64,40,75,existing,2098.021335635978
36,36,52,42,148,existing,297.4722937161242,36,52,42,149,existing,385.1164420327185,36,52,42,42,allocated,0.0,36,60,42,42,existing,0.0,36,59,42,42,existing,0.0,36,61,42,113,existing,23.845741032138182,36,62,42,184,existing,1758.2672799690208,36,65,42,73,existing,2031.1655273684744,36,63,42,184,existing,1758.2672799690208,36,64,42,75,existing,1990.591229433989
37,37,58,43,50,existing,976.2143636588602,37,58,43,202,existing,534.9242014195597,37,58,43,44,allocated,46.17138006472169,37,60,43,42,existing,1773.5922347829219,37,59,43,42,existing,1773.5922347829219,37,63,43,184,existing,1971.5209939050403,37,61,43,113,existing,1797.43797581506,37,65,43,73,existing,1992.9532558091032,37,62,43,184,existing,1971.5209939050403,37,64,43,75,existing,1982.0962304262403
38,38,52,45,148,existing,1216.2238371949966,38,52,45,198,existing,1377.5113335123442,38,52,45,24,allocated,444.94259736686325,38,61,45,113,existing,1050.9091005711384,38,60,45,42,existing,1074.7548416032766,38,63,45,184,existing,2692.937420129809,38,59,45,42,existing,1074.7548416032766,38,65,45,73,existing,3105.920368971751,38,64,45,75,existing,3025.051799924119,38,62,45,184,existing,2692.937420129809
39,39,52,46,148,existing,1127.8135148891322,39,52,46,198,existing,1289.1010112064798,39,52,46,24,allocated,533.3529196727277,39,61,46,113,existing,962.498778265274,39,60,46,42,existing,986.3445192974123,39,59,46,42,existing,986.3445192974123,39,62,46,184,existing,2604.527097823945,39,65,46,73,existing,3017.510046665887,39,64,46,75,existing,2936.641477618255,39,63,46,184,existing,2604.527097823945
40,40,52,47,148,existing,564.7614426498513,40,52,47,149,existing,308.6892260989815,40,52,47,47,allocated,0.0,40,60,47,42,existing,464.0110979671167,40,59,47,42,existing,464.0110979671167,40,63,47,184,existing,1447.7751881016786,40,61,47,113,existing,487.85683899925493,40,64,47,75,existing,1680.0991375666467,40,62,47,184,existing,1447.7751881016786,40,65,47,73,existing,1720.6734355011322
41,41,52,48,148,existing,567.6914506665511,41,52,48,149,existing,114.89728508229166,41,52,48,1,allocated,93.91488978657233,41,60,48,42,existing,270.21915695042685,41,59,48,42,existing,270.21915695042685,41,61,48,113,existing,294.06489798256507,41,62,48,184,existing,1488.0481230185942,41,65,48,73,existing,1760.9463704180475,41,63,48,184,existing,1488.0481230185942,41,64,48,75,existing,1720.372072483562
42,42,58,49,50,existing,110.26408585225347,42,58,49,224,existing,607.4561200646792,42,58,49,49,allocated,0.0,42,63,49,184,existing,1377.7826977033142,42,62,49,184,existing,1377.7826977033142,42,65,49,73,existing,1399.214959607377,42,64,49,75,existing,1388.357934224514,42,60,49,42,existing,1577.6608684934488,42,59,49,42,existing,1577.6608684934488,42,61,49,113,existing,1601.5066095255872
43,43,58,50,50,existing,0.0,43,58,50,95,existing,507.9277918389363,43,58,50,50,allocated,0.0,43,62,50,184,existing,1267.5186118510605,43,63,50,184,existing,1267.5186118510605,43,65,50,73,existing,1288.9508737551234,43,64,50,75,existing,1278.0938483722605,43,61,50,113,existing,1664.082885684009,43,59,50,42,existing,1640.2371446518707,43,60,50,42,existing,1640.2371446518707
44,44,58,52,50,existing,336.9284897373544,44,58,52,224,existing,333.1039064857466,44,58,52,106,allocated,43.241771393113034,44,62,52,184,existing,1252.8687799658192,44,63,52,184,existing,1252.8687799658192,44,65,52,73,existing,1274.3010418698818,44,64,52,75,existing,1263.4440164870189,44,61,52,113,existing,1327.1543959466546,44,60,52,42,existing,1303.3086549145164,44,59,52,42,existing,1303.3086549145164
45,45,52,53,148,existing,633.9172556247581,45,52,53,149,existing,728.3521964178709,45,52,53,111,allocated,294.19370415277353,45,61,53,113,existing,319.3900133530142,45,60,53,42,existing,343.23575438515235,45,59,53,42,existing,343.23575438515235,45,62,53,184,existing,2101.5030343541735,45,65,53,73,existing,2374.401281753627,45,64,53,75,existing,2333.8269838191413,45,63,53,184,existing,2101.5030343541735
46,46,52,55,148,existing,867.3576672348217,46,52,55,149,existing,1009.2868441259404,46,52,55,111,allocated,431.0650325861901,46,61,55,113,existing,600.3246610610836,46,60,55,42,existing,624.1704020932218,46,63,55,184,existing,2344.0712501696344,46,59,55,42,existing,624.1704020932218,46,65,55,73,existing,2655.335929461696,46,62,55,184,existing,2344.0712501696344,46,64,55,75,existing,2614.761631527211
47,47,52,56,148,existing,933.4708172338343,47,52,56,149,existing,1075.3999941249529,47,52,56,111,allocated,497.1781825852026,47,61,56,113,existing,666.4378110600961,47,60,56,42,existing,690.2835520922343,47,59,56,42,existing,690.2835520922343,47,62,56,184,existing,2410.1844001686472,47,65,56,73,existing,2721.4490794607086,47,64,56,75,existing,2680.8747815262236,47,63,56,184,existing,2410.1844001686472
48,48,58,57,50,existing,866.0003334265106,48,58,57,214,existing,36.958718317911895,48,58,57,214,allocated,36.958718317911895,48,60,57,42,existing,848.1542478611841,48,59,57,42,existing,848.1542478611841,48,63,57,184,existing,1426.8081920515933,48,61,57,113,existing,871.9999888933223,48,62,57,184,existing,1426.8081920515933,48,65,57,73,existing,1456.790556851393,48,64,57,75,existing,1445.93353146853
49,49,52,60,148,existing,1099.3764296861907,49,52,60,149,existing,1203.8211242227067,49,52,60,98,allocated,400.32979044762624,49,61,60,113,existing,794.8589411578499,49,59,60,42,existing,818.704682189988,49,63,60,184,existing,2576.0900126210036,49,60,60,42,existing,818.704682189988,49,65,60,73,existing,2849.870209558462,49,64,60,75,existing,2809.295911623977,49,62,60,184,existing,2576.0900126210036
50,50,52,61,148,existing,1051.9401593265072,50,52,61,149,existing,1156.3848538630232,50,52,61,98,allocated,352.89352008794276,50,61,61,113,existing,747.4226707981665,50,59,61,42,existing,771.2684118303046,50,63,61,184,existing,2528.65374226132,50,60,61,42,existing,771.2684118303046,50,64,61,75,existing,2761.8596412642937,50,62,61,184,existing,2528.65374226132,50,65,61,73,existing,2802.4339391987787
51,51,52,63,148,existing,736.1860838437689,51,52,63,149,existing,208.7504820140048,51,52,63,62,allocated,96.3763187483089,51,60,63,42,existing,438.71379012764464,51,59,63,42,existing,438.71379012764464,51,62,63,184,existing,1811.6958901148905,51,61,63,113,existing,462.55953115978286,51,63,63,184,existing,1811.6958901148905,51,65,63,73,existing,1862.9134357577702,51,64,63,75,existing,1852.0564103749073
52,52,52,64,148,existing,756.8545055866925,52,52,64,149,existing,74.26576983784975,52,52,64,64,allocated,0.0,52,60,64,42,existing,459.38221187056826,52,59,64,42,existing,459.38221187056826,52,61,64,113,existing,483.2279529027065,52,63,64,184,existing,1677.2111779387355,52,64,64,75,existing,1909.5351274037034,52,65,64,73,existing,1950.1094253381889,52,62,64,184,existing,1677.2111779387355
53,53,58,65,50,existing,594.20501677314,53,58,65,224,existing,75.82737944996103,53,58,65,137,allocated,195.43690558570728,53,60,65,42,existing,1046.032127878731,53,59,65,42,existing,1046.032127878731,53,62,65,184,existing,1260.5698306673576,53,61,65,113,existing,1069.877868910869,53,65,65,73,existing,1290.552195467157,53,63,65,184,existing,1260.5698306673576,53,64,65,75,existing,1279.695170084294
54,54,58,66,50,existing,1010.7258841738886,54,58,66,202,existing,16.618760431008898,54,58,66,202,allocated,16.618760431008898,54,60,66,42,existing,1388.942387791598,54,59,66,42,existing,1388.942387791598,54,63,66,184,existing,1981.765703664778,54,61,66,113,existing,1412.7881288237363,54,62,66,184,existing,1981.765703664778,54,65,66,73,existing,2003.1979655688408,54,64,66,75,existing,1992.3409401859778
55,55,58,67,50,existing,807.0521682341421,55,58,67,202,existing,249.29635612264536,55,58,67,202,allocated,249.29635612264536,55,60,67,42,existing,1337.9973489176293,55,59,67,42,existing,1337.9973489176293,55,63,67,184,existing,1749.0881079731412,55,61,67,113,existing,1361.8430899497675,55,62,67,184,existing,1749.0881079731412,55,65,67,73,existing,1770.5203698772043,55,64,67,75,existing,1759.6633444943413
56,56,54,68,165,existing,301.55522478098277,56,54,68,100,existing,768.5654034456372,56,54,68,236,allocated,64.43139693109593,56,62,68,184,existing,559.1469831144905,56,63,68,184,existing,559.1469831144905,56,64,68,75,existing,891.2613629088004,56,65,68,73,existing,986.8744332736807,56,60,68,42,existing,1199.1202968545306,56,61,68,113,existing,1222.9660378866688,56,59,68,42,existing,1199.1202968545306
57,57,52,69,148,existing,668.6656340550236,57,52,69,149,existing,763.1005748481363,57,52,69,111,allocated,328.94208258303894,57,61,69,113,existing,354.1383917832796,57,60,69,42,existing,377.98413281541775,57,59,69,42,existing,377.98413281541775,57,62,69,184,existing,2136.251412784439,57,65,69,73,existing,2409.149660183892,57,64,69,75,existing,2368.5753622494067,57,63,69,184,existing,2136.251412784439
58,58,57,73,73,existing,0.0,58,57,73,100,existing,396.6054662575028,58,57,73,75,allocated,95.6130703648802,58,65,73,73,existing,0.0,58,64,73,75,existing,95.6130703648802,58,63,73,184,existing,427.7274501591901,58,62,73,184,existing,427.7274501591901,58,61,73,113,existing,2055.0112684006126,58,60,73,42,existing,2031.1655273684744,58,59,73,42,existing,2031.1655273684744
59,59,57,74,73,existing,96.9171621412823,59,57,74,100,existing,493.5226283987852,59,57,74,179,allocated,158.55003631934082,59,65,74,73,existing,96.9171621412823,59,64,74,75,existing,192.53023250616252,59,62,74,184,existing,524.6446123004724,59,63,74,184,existing,524.6446123004724,59,60,74,42,existing,1934.2483652271922,59,59,74,42,existing,1934.2483652271922,59,61,74,113,existing,1958.0941062593301
60,60,56,75,75,existing,0.0,60,56,75,100,existing,300.9923958926226,60,56,75,75,allocated,0.0,60,64,75,75,existing,0.0,60,65,75,73,existing,95.6130703648802,60,62,75,184,existing,332.1143797943099,60,63,75,184,existing,332.1143797943099,60,61,75,113,existing,2014.4369704661271,60,60,75,42,existing,1990.591229433989,60,59,75,42,existing,1990.591229433989
61,61,56,76,75,existing,141.88612700197612,61,56,76,100,existing,418.462768138853,61,56,76,75,allocated,141.88612700197612,61,64,76,75,existing,141.88612700197612,61,65,76,73,existing,237.49919736685632,61,63,76,184,existing,474.000506796286,61,62,76,184,existing,474.000506796286,61,61,76,113,existing,1872.550843464151,61,60,76,42,existing,1848.7051024320128,61,59,76,42,existing,1848.7051024320128
62,62,55,77,184,existing,100.972501699368,62,55,77,100,existing,310.86324264779194,62,55,77,278,allocated,104.3765504187933,62,62,77,184,existing,100.972501699368,62,63,77,184,existing,100.972501699368,62,64,77,75,existing,433.0868814936779,62,65,77,73,existing,528.699951858558,62,61,77,113,existing,1681.1405193017913,62,59,77,42,existing,1657.2947782696529,62,60,77,42,existing,1657.2947782696529
63,63,55,78,184,existing,309.4700700524286,63,55,78,100,existing,102.84618412096366,63,55,78,278,allocated,312.8741187718539,63,63,78,184,existing,309.4700700524286,63,62,78,184,existing,309.4700700524286,63,65,78,73,existing,499.45165037846647,63,64,78,75,existing,403.83858001358624,63,60,78,42,existing,1658.8688198558698,63,61,78,113,existing,1682.7145608880078,63,59,78,42,existing,1658.8688198558698
64,64,54,79,165,existing,312.58784667122956,64,54,79,100,existing,640.5408909818829,64,54,79,79,allocated,0.0,64,63,79,184,existing,431.1224706507361,64,62,79,184,existing,431.1224706507361,64,65,79,73,existing,858.8499208099263,64,64,79,75,existing,763.236850445046,64,60,79,42,existing,1327.1448093182848,64,61,79,113,existing,1350.990550350423,64,59,79,42,existing,1327.1448093182848
65,65,56,80,75,existing,359.84734925729833,65,56,80,95,existing,411.6706544690456,65,56,80,201,allocated,303.8643807706173,65,64,80,75,existing,359.84734925729833,65,65,80,73,existing,370.6124799926941,65,62,80,184,existing,691.9617290516082,65,63,80,184,existing,691.9617290516082,65,60,80,42,existing,1709.732070975866,65,61,80,113,existing,1733.577812008004,65,59,80,42,existing,1709.732070975866
66,66,52,81,148,existing,1006.0996985068763,66,52,81,214,existing,203.74318590309684,66,52,81,84,allocated,99.38339283620265,66,60,81,42,existing,708.627404790752,66,59,81,42,existing,708.627404790752,66,61,81,113,existing,732.4731458228903,66,62,81,184,existing,1593.5926596367783,66,65,81,73,existing,1623.575024436578,66,63,81,184,existing,1593.5926596367783,66,64,81,75,existing,1612.717999053715
67,67,58,82,50,existing,947.8680883406075,67,58,82,214,existing,118.82647323200891,67,58,82,214,allocated,118.82647323200891,67,60,82,42,existing,793.54411746184,67,59,82,42,existing,793.54411746184,67,63,82,184,existing,1508.6759469656904,67,61,82,113,existing,817.3898584939782,67,62,82,184,existing,1508.6759469656904,67,64,82,75,existing,1527.801286382627,67,65,82,73,existing,1538.65831176549
68,68,52,83,148,existing,791.8057522111308,68,52,83,149,existing,264.37015038136667,68,52,83,84,allocated,114.91055345954294,68,60,83,42,existing,494.33345849500654,68,59,83,42,existing,494.33345849500654,68,61,83,113,existing,518.1791995271446,68,63,83,184,existing,1805.0954318151842,68,64,83,75,existing,1824.2207712321208,68,65,83,73,existing,1835.0777966149838,68,62,83,184,existing,1805.0954318151842
69,69,52,84,148,existing,906.7163056706736,69,52,84,214,existing,303.1265787392995,69,52,84,84,allocated,0.0,69,60,84,42,existing,609.2440119545495,69,59,84,42,existing,609.2440119545495,69,61,84,113,existing,633.0897529866877,69,63,84,184,existing,1692.9760524729809,69,62,84,184,existing,1692.9760524729809,69,65,84,73,existing,1722.9584172727805,69,64,84,75,existing,1712.1013918899175
70,70,52,85,148,existing,752.3810136880742,70,52,85,149,existing,305.95545538132285,70,52,85,84,allocated,156.49585845949915,70,60,85,42,existing,454.90871997194995,70,59,85,42,existing,454.90871997194995,70,63,85,184,existing,1846.6807368151403,70,61,85,113,existing,478.75446100408806,70,65,85,73,existing,1876.66310161494,70,62,85,184,existing,1846.6807368151403,70,64,85,75,existing,1865.806076232077
71,71,58,86,50,existing,752.1431817541626,71,58,86,224,existing,748.3185985025548,71,58,86,106,allocated,458.4564634099212,71,60,86,42,existing,1570.4756662776265,71,59,86,42,existing,1570.4756662776265,71,62,86,184,existing,1668.083471982627,71,61,86,113,existing,1594.3214073097647,71,64,86,75,existing,1678.6587085038273,71,63,86,184,existing,1668.083471982627,71,65,86,73,existing,1689.5157338866902
72,72,58,87,50,existing,485.09799286768884,72,58,87,224,existing,481.273409616081,72,58,87,106,allocated,191.41127452344742,72,60,87,42,existing,1303.4304773911526,72,59,87,42,existing,1303.4304773911526,72,62,87,184,existing,1401.0382830961535,72,61,87,113,existing,1327.2762184232909,72,64,87,75,existing,1411.6135196173534,72,63,87,184,existing,1401.0382830961535,72,65,87,73,existing,1422.4705450002164
73,73,58,88,50,existing,960.9942685511472,73,58,88,202,existing,541.1558116714181,73,58,88,89,allocated,227.02337480816436,73,60,88,42,existing,864.4053365511891,73,59,88,42,existing,864.4053365511891,73,63,88,184,existing,1876.934558779612,73,61,88,113,existing,888.2510775833273,73,62,88,184,existing,1876.934558779612,73,65,88,73,existing,1898.3668206836746,73,64,88,75,existing,1887.5097953008117
74,74,52,89,148,existing,934.8542554591489,74,52,89,202,existing,768.1791864795825,74,52,89,89,allocated,0.0,74,60,89,42,existing,637.3819617430247,74,59,89,42,existing,637.3819617430247,74,63,89,184,existing,2103.957933587776,74,61,89,113,existing,661.2277027751629,74,62,89,184,existing,2103.957933587776,74,65,89,73,existing,2125.390195491839,74,64,89,75,existing,2114.5331701089763
75,75,52,90,148,existing,1377.790831442801,75,52,90,149,existing,1524.6836005949367,75,52,90,24,allocated,478.76374122113344,75,61,90,113,existing,1115.72141753008,75,60,90,42,existing,1139.567158562218,75,63,90,184,existing,2854.5044143776136,75,59,90,42,existing,1139.567158562218,75,65,90,73,existing,3170.7326859306922,75,64,90,75,existing,3130.1583879962072,75,62,90,184,existing,2854.5044143776136
76,76,52,91,148,existing,1103.495970032001,76,52,91,149,existing,1250.3887391841367,76,52,91,98,allocated,446.89740540905643,76,61,91,113,existing,841.4265561192801,76,59,91,42,existing,865.2722971514183,76,62,91,184,existing,2580.209552966814,76,60,91,42,existing,865.2722971514183,76,65,91,73,existing,2896.4378245198927,76,64,91,75,existing,2855.8635265854073,76,63,91,184,existing,2580.209552966814
77,77,58,92,50,existing,816.6093538131526,77,58,92,202,existing,375.3191915738522,77,58,92,44,allocated,205.77638991042923,77,60,92,42,existing,1613.9872249372145,77,59,92,42,existing,1613.9872249372145,77,63,92,184,existing,1811.915984059333,77,61,92,113,existing,1637.8329659693527,77,65,92,73,existing,1833.3482459633956,77,62,92,184,existing,1811.915984059333,77,64,92,75,existing,1822.4912205805326
78,78,58,95,50,existing,507.9277918389363,78,58,95,95,existing,0.0,78,58,95,122,allocated,171.25023418840811,78,62,95,184,existing,760.1801137629632,78,63,95,184,existing,760.1801137629632,78,65,95,73,existing,781.6123756670261,78,64,95,75,existing,770.7553502841631,78,60,95,42,existing,1341.2777500132818,78,59,95,42,existing,1341.2777500132818,78,61,95,113,existing,1365.12349104542
79,79,52,98,148,existing,712.7270418728427,79,52,98,149,existing,807.1619826659555,79,52,98,98,allocated,0.0,79,61,98,113,existing,398.1997996010988,79,59,98,42,existing,422.04554063323695,79,63,98,184,existing,2180.312820602258,79,60,98,42,existing,422.04554063323695,79,65,98,73,existing,2453.2110680017113,79,64,98,75,existing,2412.6367700672263,79,62,98,184,existing,2180.312820602258
80,80,52,99,148,existing,1454.176280344073,80,52,99,202,existing,529.4257605064369,80,52,99,99,allocated,0.0,80,61,99,113,existing,1139.649038072329,80,59,99,42,existing,1163.4947791044672,80,63,99,184,existing,2504.3988587323456,80,60,99,42,existing,1163.4947791044672,80,65,99,73,existing,2525.8311206364087,80,64,99,75,existing,2514.974095253546,80,62,99,184,existing,2504.3988587323456
81,81,55,100,184,existing,209.89074094842394,81,55,100,100,existing,0.0,81,55,100,3,allocated,241.88296500749087,81,62,100,184,existing,209.89074094842394,81,63,100,184,existing,209.89074094842394,81,65,100,73,existing,396.6054662575028,81,64,100,75,existing,300.9923958926226,81,59,100,42,existing,1761.7150039768335,81,60,100,42,existing,1761.7150039768335,81,61,100,113,existing,1785.5607450089715
82,82,55,101,184,existing,627.3348824236344,82,55,101,95,existing,398.0869536995564,82,55,101,3,allocated,331.12129181598687,82,63,101,184,existing,627.3348824236344,82,62,101,184,existing,627.3348824236344,82,64,101,75,existing,649.5872219493251,82,65,101,73,existing,745.2002923142054,82,61,101,113,existing,1364.849748516802,82,60,101,42,existing,1341.0040074846638,82,59,101,42,existing,1341.0040074846638
83,83,58,102,50,existing,551.7105214861195,83,58,102,95,existing,181.97233050072293,83,58,102,122,allocated,176.07699587391676,83,63,102,184,existing,843.4495056224679,83,62,102,184,existing,843.4495056224679,83,65,102,73,existing,871.8601078559155,83,64,102,75,existing,861.0030824730526,83,60,102,42,existing,1159.305419512559,83,61,102,113,existing,1183.1511605446972,83,59,102,42,existing,1159.305419512559
84,84,52,103,148,existing,952.3869270384008,84,52,103,149,existing,1094.3161039295194,84,52,103,209,allocated,439.9890183531338,84,61,103,113,existing,685.3539208646627,84,60,103,42,existing,709.1996618968009,84,63,103,184,existing,2429.100509973214,84,59,103,42,existing,709.1996618968009,84,65,103,73,existing,2740.365189265275,84,64,103,75,existing,2699.79089133079,84,62,103,184,existing,2429.100509973214
85,85,58,104,50,existing,1306.710765637515,85,58,104,202,existing,312.6036418946354,85,58,104,280,allocated,62.17588749139311,85,60,104,42,existing,1218.894958532223,85,59,104,42,existing,1218.894958532223,85,63,104,184,existing,2277.750585128404,85,61,104,113,existing,1242.7406995643612,85,62,104,184,existing,2277.750585128404,85,65,104,73,existing,2299.182847032467,85,64,104,75,existing,2288.325821649604
86,86,58,106,50,existing,305.2972530908314,86,58,106,224,existing,376.34567787885965,86,58,106,106,allocated,0.0,86,62,106,184,existing,1209.627008572706,86,63,106,184,existing,1209.627008572706,86,65,106,73,existing,1231.059270476769,86,64,106,75,existing,1220.202245093906,86,60,106,42,existing,1346.5504263076296,86,59,106,42,existing,1346.5504263076296,86,61,106,113,existing,1370.3961673397675
87,87,58,107,50,existing,309.42548794186075,87,58,107,95,existing,233.99672691859445,87,58,107,122,allocated,66.20803767034207,87,63,107,184,existing,958.0931239092,87,62,107,184,existing,958.0931239092,87,65,107,73,existing,979.5253858132629,87,64,107,75,existing,968.6683604304,87,60,107,42,existing,1351.996842216881,87,59,107,42,existing,1351.996842216881,87,61,107,113,existing,1375.8425832490193
88,88,52,108,148,existing,537.4569374524085,88,52,108,198,existing,698.7444337697563,88,52,108,111,allocated,101.16430280377676,88,61,108,113,existing,470.1930586809576,88,60,108,42,existing,494.03879971309584,88,63,108,184,existing,2014.1705203872211,88,59,108,42,existing,494.03879971309584,88,62,108,184,existing,2014.1705203872211,88,64,108,75,existing,2346.284900181531,88,65,108,73,existing,2441.897970546411
89,89,52,109,148,existing,607.5955443891388,89,52,109,198,existing,768.8830407064866,89,52,109,111,allocated,171.3029097405071,89,61,109,113,existing,442.28080776528066,89,60,109,42,existing,466.1265487974188,89,63,109,184,existing,2084.3091273239515,89,59,109,42,existing,466.1265487974188,89,65,109,73,existing,2497.2920761658934,89,64,109,75,existing,2416.4235071182616,89,62,109,184,existing,2084.3091273239515
90,90,52,110,148,existing,494.5538697355304,90,52,110,198,existing,655.8413660528781,90,52,110,111,allocated,58.26123508689866,90,61,110,113,existing,427.2899909640795,90,60,110,42,existing,451.1357319962177,90,59,110,42,existing,451.1357319962177,90,63,110,184,existing,1971.2674526703431,90,65,110,73,existing,2398.994902829533,90,62,110,184,existing,1971.2674526703431,90,64,110,75,existing,2303.381832464653
91,91,52,111,148,existing,436.29263464863175,91,52,111,198,existing,597.5801309659795,91,52,111,111,allocated,0.0,91,61,111,113,existing,369.02875587718086,91,60,111,42,existing,392.8744969093191,91,62,111,184,existing,1913.0062175834446,91,59,111,42,existing,392.8744969093191,91,65,111,73,existing,2340.7336677426347,91,63,111,184,existing,1913.0062175834446,91,64,111,75,existing,2245.1205973777546
92,92,54,112,165,existing,551.8674458980552,92,54,112,214,existing,520.2510515531761,92,54,112,116,allocated,367.19617604007215,92,60,112,42,existing,734.3030675538661,92,59,112,42,existing,734.3030675538661,92,63,112,184,existing,1031.9279193353323,92,61,112,113,existing,758.1488085860043,92,64,112,75,existing,1364.0422991296423,92,62,112,184,existing,1031.9279193353323,92,65,112,73,existing,1459.6553694945223
93,93,52,113,148,existing,314.52724227174394,93,52,113,149,existing,408.96218306485673,93,52,113,113,existing,0.0,93,61,113,113,existing,0.0,93,60,113,42,existing,23.845741032138182,93,62,113,184,existing,1782.1130210011593,93,59,113,42,existing,23.845741032138182,93,65,113,73,existing,2055.0112684006126,93,64,113,75,existing,2014.4369704661271,93,63,113,184,existing,1782.1130210011593
94,94,54,114,165,existing,462.38099274574574,94,54,114,214,existing,609.7375047054855,94,54,114,236,allocated,318.86308613743654,94,60,114,42,existing,823.7895207061755,94,59,114,42,existing,823.7895207061755,94,63,114,184,existing,942.4414661830228,94,61,114,113,existing,847.6352617383137,94,62,114,184,existing,942.4414661830228,94,64,114,75,existing,1274.5558459773329,94,65,114,73,existing,1370.168916342213
95,95,54,115,165,existing,791.1732185593456,95,54,115,214,existing,272.9815719717081,95,54,115,116,allocated,119.92669645860407,95,60,115,42,existing,538.2139575715642,95,59,115,42,existing,538.2139575715642,95,61,115,113,existing,562.0596986037024,95,63,115,184,existing,1271.2336919966228,95,62,115,184,existing,1271.2336919966228,95,65,115,73,existing,1492.9515697969102,95,64,115,75,existing,1452.3772718624248
96,96,54,116,165,existing,911.0999150179497,96,54,116,214,existing,392.9082684303122,96,54,116,116,allocated,0.0,96,60,116,42,existing,658.1406540301682,96,59,116,42,existing,658.1406540301682,96,63,116,184,existing,1391.160388455227,96,61,116,113,existing,681.9863950623064,96,62,116,184,existing,1391.160388455227,96,64,116,75,existing,1572.303968321029,96,65,116,73,existing,1612.8782662555145
97,97,54,117,165,existing,143.90595713654602,97,54,117,224,existing,871.6275142797604,97,54,117,236,allocated,93.2178707133408,97,63,117,184,existing,716.7962507589272,97,62,117,184,existing,716.7962507589272,97,59,117,42,existing,1134.3008493951977,97,64,117,75,existing,1048.910630553237,97,61,117,113,existing,1158.146590427336,97,60,117,42,existing,1134.3008493951977,97,65,117,73,existing,1144.5237009181174
98,98,54,118,165,existing,190.320867229098,98,54,118,224,existing,825.2126041872084,98,54,118,236,allocated,46.80296062078881,98,63,118,184,existing,670.3813406663752,98,62,118,184,existing,670.3813406663752,98,64,118,75,existing,1002.4957204606851,98,59,118,42,existing,1087.8859393026457,98,61,118,113,existing,1111.731680334784,98,60,118,42,existing,1087.8859393026457,98,65,118,73,existing,1098.1087908255654
99,99,58,119,50,existing,1239.1298368838009,99,58,119,202,existing,245.02271314092127,99,58,119,36,allocated,191.72730887318596,99,60,119,42,existing,1391.9269907310486,99,59,119,42,existing,1391.9269907310486,99,63,119,184,existing,2234.436467129981,99,61,119,113,existing,1415.7727317631866,99,62,119,184,existing,2234.436467129981,99,65,119,73,existing,2255.868729034044,99,64,119,75,existing,2245.011703651181
100,100,58,120,50,existing,1123.9135811772999,100,58,120,202,existing,544.4292941574397,100,58,120,120,allocated,0.0,100,60,120,42,existing,1691.333571747567,100,59,120,42,existing,1691.333571747567,100,63,120,184,existing,2119.22021142348,100,61,120,113,existing,1715.1793127797052,100,62,120,184,existing,2119.22021142348,100,65,120,73,existing,2140.652473327543,100,64,120,75,existing,2129.79544794468
101,101,58,122,50,existing,375.6335256122028,101,58,122,95,existing,171.25023418840811,101,58,122,122,allocated,0.0,101,62,122,184,existing,891.8850862388579,101,63,122,184,existing,891.8850862388579,101,65,122,73,existing,913.3173481429208,101,64,122,75,existing,902.4603227600578,101,60,122,42,existing,1335.3824153864757,101,59,122,42,existing,1335.3824153864757,101,61,122,113,existing,1359.2281564186137
102,102,58,123,50,existing,527.1111289443542,102,58,123,95,existing,19.772630856256708,102,58,123,122,allocated,151.4776033321514,102,62,123,184,existing,740.4074829067065,102,63,123,184,existing,740.4074829067065,102,65,123,73,existing,761.8397448107694,102,64,123,75,existing,750.9827194279064,102,60,123,42,existing,1321.505119157025,102,59,123,42,existing,1321.505119157025,102,61,123,113,existing,1345.3508601891633
103,103,56,124,75,existing,569.0420845979359,103,56,124,95,existing,429.22843226437624,103,56,124,201,allocated,513.0591161112549,103,64,124,75,existing,569.0420845979359,103,65,124,73,existing,579.8072153333317,103,63,124,184,existing,834.7817329333463,103,62,124,184,existing,834.7817329333463,103,60,124,42,existing,1727.2898487711966,103,61,124,113,existing,1751.1355898033348,103,59,124,42,existing,1727.2898487711966
104,104,52,125,148,existing,432.47324747467667,104,52,125,149,existing,250.11548827416604,104,52,125,170,allocated,101.55936811234703,104,60,125,42,existing,135.00095375855247,104,59,125,42,existing,135.00095375855247,104,61,125,113,existing,158.84669479069066,104,63,125,184,existing,1623.2663262104684,104,62,125,184,existing,1623.2663262104684,104,65,125,73,existing,1896.164573609922,104,64,125,75,existing,1855.5902756754365
105,105,52,127,148,existing,241.4336918126877,105,52,127,198,existing,192.98305561442882,105,52,127,228,allocated,48.29841523233884,105,60,127,42,existing,538.9059855288119,105,59,127,42,existing,538.9059855288119,105,63,127,184,existing,1718.1472747475004,105,61,127,113,existing,555.9609340844316,105,62,127,184,existing,1718.1472747475004,105,64,127,75,existing,2050.2616545418105,105,65,127,73,existing,2140.5980168029737
106,106,52,128,148,existing,325.86883329199065,106,52,128,198,existing,277.4181970937318,106,52,128,228,allocated,132.73355671164182,106,60,128,42,existing,623.3411270081149,106,59,128,42,existing,623.3411270081149,106,62,128,184,existing,1802.5824162268034,106,61,128,113,existing,640.3960755637347,106,64,128,75,existing,2057.578328159624,106,65,128,73,existing,2098.1526260941096,106,63,128,184,existing,1802.5824162268034
107,107,52,129,148,existing,296.744026777352,107,52,129,198,existing,41.075890185086784,107,52,129,228,allocated,103.60875019700319,107,60,129,42,existing,499.83568021855876,107,59,129,42,existing,499.83568021855876,107,61,129,113,existing,516.8906287741785,107,62,129,184,existing,1715.7926039741778,107,65,129,73,existing,1988.6908513736314,107,63,129,184,existing,1715.7926039741778,107,64,129,75,existing,1948.116553439146
108,108,52,130,148,existing,1039.790588923844,108,52,130,149,existing,1144.23528346036,108,52,130,209,allocated,352.5853564676905,108,61,130,113,existing,735.2731003955034,108,60,130,42,existing,759.1188414276417,108,59,130,42,existing,759.1188414276417,108,62,130,184,existing,2516.504171858657,108,63,130,184,existing,2516.504171858657,108,64,130,75,existing,2749.710070861631,108,65,130,73,existing,2790.284368796116
109,109,56,131,75,existing,435.3761750767457,109,56,131,95,existing,487.199480288493,109,56,131,201,allocated,379.3932065900647,109,64,131,75,existing,435.3761750767457,109,65,131,73,existing,446.1413058121415,109,62,131,184,existing,767.4905548710556,109,63,131,184,existing,767.4905548710556,109,61,131,113,existing,1809.1066378274516,109,59,131,42,existing,1785.2608967953133,109,60,131,42,existing,1785.2608967953133
110,110,57,132,73,existing,554.7724798622921,110,57,132,95,existing,648.4561451063123,110,57,132,201,allocated,255.11154785217542,110,65,132,73,existing,554.7724798622921,110,64,132,75,existing,596.632839894565,110,63,132,184,existing,869.0903822544324,110,62,132,184,existing,869.0903822544324,110,60,132,42,existing,1946.5175616131326,110,59,132,42,existing,1946.5175616131326,110,61,132,113,existing,1970.3633026452708
111,111,56,133,75,existing,860.7541216918203,111,56,133,95,existing,644.2632440180023,111,56,133,201,allocated,804.7711532051393,111,64,133,75,existing,860.7541216918203,111,65,133,73,existing,871.5192524272161,111,62,133,184,existing,1126.4937700272308,111,63,133,184,existing,1126.4937700272308,111,61,133,113,existing,2009.3867350634225,111,60,133,42,existing,1985.5409940312843,111,59,133,42,existing,1985.5409940312843
112,112,56,134,75,existing,771.2718747057717,112,56,134,95,existing,631.458222372212,112,56,134,201,allocated,715.2889062190906,112,64,134,75,existing,771.2718747057717,112,65,134,73,existing,782.0370054411674,112,63,134,184,existing,1037.011523041182,112,62,134,184,existing,1037.011523041182,112,61,134,113,existing,1953.3653799111707,112,60,134,42,existing,1929.5196388790323,112,59,134,42,existing,1929.5196388790323
113,113,56,135,75,existing,644.8813107843648,113,56,135,95,existing,505.06765845080525,113,56,135,201,allocated,588.8983422976838,113,64,135,75,existing,644.8813107843648,113,65,135,73,existing,655.6464415197606,113,62,135,184,existing,910.6209591197753,113,63,135,184,existing,910.6209591197753,113,61,135,113,existing,1826.9748159897638,113,60,135,42,existing,1803.1290749576256,113,59,135,42,existing,1803.1290749576256
114,114,56,136,75,existing,801.7417198855517,114,56,136,95,existing,661.9280675519921,114,56,136,201,allocated,745.7587513988707,114,64,136,75,existing,801.7417198855517,114,65,136,73,existing,812.5068506209475,114,63,136,184,existing,1067.4813682209622,114,62,136,184,existing,1067.4813682209622,114,59,136,42,existing,1959.9894840588124,114,61,136,113,existing,1983.8352250909506,114,60,136,42,existing,1959.9894840588124
115,115,58,138,50,existing,646.9834944077072,115,58,138,224,existing,128.60585708452828,115,58,138,137,allocated,142.65842795114,115,60,138,42,existing,993.2536502441636,115,59,138,42,existing,993.2536502441636,115,62,138,184,existing,1207.79135303279,115,61,138,113,existing,1017.0993912763018,115,65,138,73,existing,1237.7737178325897,115,63,138,184,existing,1207.79135303279,115,64,138,75,existing,1226.9166924497267
116,116,52,139,148,existing,747.7151925109401,116,52,139,149,existing,889.6443694020587,116,52,139,111,allocated,311.42255786230845,116,61,139,113,existing,480.682186337202,116,60,139,42,existing,504.5279273693402,116,63,139,184,existing,2224.4287754457528,116,59,139,42,existing,504.5279273693402,116,65,139,73,existing,2535.6934547378146,116,64,139,75,existing,2495.1191568033296,116,62,139,184,existing,2224.4287754457528
117,117,52,140,148,existing,816.5476018335821,117,52,140,149,existing,958.4767787247007,117,52,140,111,allocated,380.25496718495043,117,61,140,113,existing,549.514595659844,117,60,140,42,existing,573.3603366919822,117,59,140,42,existing,573.3603366919822,117,63,140,184,existing,2293.2611847683947,117,65,140,73,existing,2604.525864060456,117,64,140,75,existing,2563.951566125971,117,62,140,184,existing,2293.2611847683947
118,118,52,141,148,existing,1216.4072396651613,118,52,141,198,existing,1377.6947359825092,118,52,141,24,allocated,510.3277504007486,118,61,141,113,existing,1051.0925030413032,118,60,141,42,existing,1074.9382440734414,118,63,141,184,existing,2693.1208225999744,118,59,141,42,existing,1074.9382440734414,118,65,141,73,existing,3106.103771441916,118,64,141,75,existing,3025.2352023942844,118,62,141,184,existing,2693.1208225999744
119,119,58,142,50,existing,1176.1490932644756,119,58,142,202,existing,182.041969521596,119,58,142,202,allocated,182.041969521596,119,60,142,42,existing,1223.5191787010112,119,59,142,42,existing,1223.5191787010112,119,63,142,184,existing,2147.188912755365,119,61,142,113,existing,1247.3649197331492,119,62,142,184,existing,2147.188912755365,119,65,142,73,existing,2168.621174659428,119,64,142,75,existing,2157.764149276565
120,120,58,143,50,existing,690.7874196595296,120,58,143,202,existing,365.56110469725786,120,58,143,204,allocated,274.0367099562253,120,60,143,42,existing,1343.2752748662883,120,59,143,42,existing,1343.2752748662883,120,63,143,184,existing,1632.8233593985287,120,61,143,113,existing,1367.1210158984263,120,65,143,73,existing,1654.2556213025919,120,62,143,184,existing,1632.8233593985287,120,64,143,75,existing,1643.398595919729
121,121,52,144,148,existing,66.8001359876928,121,52,144,198,existing,228.0876323050405,121,52,144,144,allocated,0.0,121,61,144,113,existing,247.7271062840512,121,60,144,42,existing,266.6104412267251,121,63,144,184,existing,1543.5137189225056,121,59,144,42,existing,266.6104412267251,121,65,144,73,existing,1971.2411690816957,121,62,144,184,existing,1543.5137189225056,121,64,144,75,existing,1875.6280987168157
122,122,52,145,148,existing,190.89556052159742,122,52,145,198,existing,352.18305683894516,122,52,145,145,allocated,0.0,122,61,145,113,existing,123.63168175014656,122,60,145,42,existing,147.47742278228475,122,62,145,184,existing,1667.60914345641,122,59,145,42,existing,147.47742278228475,122,65,145,73,existing,2095.3365936156,122,63,145,184,existing,1667.60914345641,122,64,145,75,existing,1999.72352325072
123,123,52,146,148,existing,1360.7816036748789,123,52,146,198,existing,1522.0690999922267,123,52,146,24,allocated,437.7250943290724,123,61,146,113,existing,1156.760064422141,123,60,146,42,existing,1180.605805454279,123,63,146,184,existing,2837.4951866096917,123,59,146,42,existing,1180.605805454279,123,64,146,75,existing,3169.6095664040017,123,65,146,73,existing,3211.7713328227537,123,62,146,184,existing,2837.4951866096917
124,124,52,148,148,existing,0.0,124,52,148,198,existing,258.9494847944397,124,52,148,148,allocated,0.0,124,59,148,42,existing,297.4722937161242,124,60,148,42,existing,297.4722937161242,124,63,148,184,existing,1476.7135829348126,124,61,148,113,existing,314.52724227174394,124,65,148,73,existing,1904.4410330940027,124,62,148,184,existing,1476.7135829348126,124,64,148,75,existing,1808.8279627291226
125,125,55,150,184,existing,524.3897062530932,125,55,150,95,existing,294.715176026302,125,55,150,3,allocated,225.41833841244247,125,63,150,184,existing,524.3897062530932,125,62,150,184,existing,524.3897062530932,125,64,150,75,existing,543.8842685457806,125,65,150,73,existing,639.4973389106609,125,61,150,113,existing,1470.5527019203464,125,60,150,42,existing,1446.7069608882084,125,59,150,42,existing,1446.7069608882084
126,126,55,151,184,existing,425.2777566083065,126,55,151,100,existing,215.38701565988256,126,55,151,3,allocated,121.8627864983261,126,63,151,184,existing,425.2777566083065,126,62,151,184,existing,425.2777566083065,126,64,151,75,existing,440.3287166316643,126,65,151,73,existing,535.9417869965446,126,59,151,42,existing,1550.2625128023246,126,61,151,113,existing,1574.1082538344629,126,60,151,42,existing,1550.2625128023246
127,127,57,153,73,existing,303.29668723104027,127,57,153,95,existing,579.948780167408,127,57,153,201,allocated,236.54858800896346,127,65,153,73,existing,303.29668723104027,127,64,153,75,existing,315.0415166310002,127,63,153,184,existing,647.1558964253102,127,62,153,184,existing,647.1558964253102,127,61,153,113,existing,1899.7018713791804,127,60,153,42,existing,1875.8561303470422,127,59,153,42,existing,1875.8561303470422
128,128,56,154,75,existing,253.54825048333026,128,56,154,95,existing,517.9697532430137,128,56,154,201,allocated,197.56528199664928,128,64,154,75,existing,253.54825048333026,128,65,154,73,existing,264.3133812187261,128,63,154,184,existing,585.6626302776401,128,62,154,184,existing,585.6626302776401,128,61,154,113,existing,1837.722844454786,128,60,154,42,existing,1813.8771034226477,128,59,154,42,existing,1813.8771034226477
129,129,54,155,165,existing,263.96333042640913,129,54,155,224,existing,751.5701409898971,129,54,155,236,allocated,120.44542381809997,129,63,155,184,existing,744.0238038636863,129,62,155,184,existing,744.0238038636863,129,59,155,42,existing,1014.2434761053346,129,60,155,42,existing,1014.2434761053346,129,65,155,73,existing,1171.7512540228765,129,61,155,113,existing,1038.0892171374728,129,64,155,75,existing,1076.1381836579963
130,130,55,156,184,existing,730.2555376864921,130,55,156,95,existing,501.00760896241394,130,55,156,137,allocated,334.8773873951582,130,63,156,184,existing,730.2555376864921,130,62,156,184,existing,730.2555376864921,130,64,156,75,existing,752.5078772121826,130,65,156,73,existing,848.1209475770629,130,61,156,113,existing,1261.9290932539445,130,59,156,42,existing,1238.0833522218063,130,60,156,42,existing,1238.0833522218063
131,131,58,157,50,existing,510.25691193191915,131,58,157,95,existing,390.79774007524736,131,58,157,137,allocated,215.11518073979795,131,63,157,184,existing,1114.8941370658529,131,62,157,184,existing,1114.8941370658529,131,65,157,73,existing,1136.3263989699158,131,64,157,75,existing,1125.4693735870528,131,61,157,113,existing,1175.011159258961,131,59,157,42,existing,1151.1654182268228,131,60,157,42,existing,1151.1654182268228
132,132,58,158,50,existing,777.7388015347236,132,58,158,202,existing,462.7139980710391,132,58,158,44,allocated,293.1711964076161,132,60,158,42,existing,1575.1166726587853,132,59,158,42,existing,1575.1166726587853,132,63,158,184,existing,1773.0454317809038,132,61,158,113,existing,1598.9624136909235,132,65,158,73,existing,1794.4776936849667,132,62,158,184,existing,1773.0454317809038,132,64,158,75,existing,1783.6206683021037
133,133,58,159,50,existing,735.9381714560783,133,58,159,202,existing,542.5962978098643,133,58,159,204,allocated,319.1874617527739,133,60,159,42,existing,1654.9989723976107,133,59,159,42,existing,1654.9989723976107,133,63,159,184,existing,1736.994505790181,133,61,159,113,existing,1678.844713429749,133,62,159,184,existing,1736.994505790181,133,64,159,75,existing,1747.5697423113809,133,65,159,73,existing,1758.4267676942438
134,134,52,161,148,existing,658.4546791640788,134,52,161,149,existing,800.3838560551974,134,52,161,111,allocated,222.1620445154471,134,61,161,113,existing,391.42167299034065,134,59,161,42,existing,415.2674140224788,134,62,161,184,existing,2135.1682620988913,134,60,161,42,existing,415.2674140224788,134,65,161,73,existing,2446.4329413909536,134,64,161,75,existing,2405.8586434564677,134,63,161,184,existing,2135.1682620988913
135,135,58,162,50,existing,778.1220609863079,135,58,162,202,existing,215.9850627565717,135,58,162,202,allocated,215.9850627565717,135,60,162,42,existing,1575.4999321103699,135,59,162,42,existing,1575.4999321103699,135,63,162,184,existing,1773.4286912324883,135,61,162,113,existing,1599.345673142508,135,65,162,73,existing,1794.860953136551,135,62,162,184,existing,1773.4286912324883,135,64,162,75,existing,1784.003927753688
136,136,57,163,73,existing,133.004290625717,136,57,163,100,existing,529.6097568832198,136,57,163,179,allocated,122.46290783490612,136,65,163,73,existing,133.004290625717,136,64,163,75,existing,228.61736099059723,136,63,163,184,existing,560.7317407849071,136,62,163,184,existing,560.7317407849071,136,59,163,42,existing,1898.1612367427574,136,60,163,42,existing,1898.1612367427574,136,61,163,113,existing,1922.0069777748954
137,137,57,164,73,existing,215.97500949474596,137,57,164,100,existing,504.29648003158286,137,57,164,201,allocated,196.69629615982808,137,65,164,73,existing,215.97500949474596,137,64,164,75,existing,227.71983889470593,137,62,164,184,existing,559.8342186890159,137,63,164,184,existing,559.8342186890159,137,61,164,113,existing,1839.0362589058666,137,60,164,42,existing,1815.1905178737284,137,59,164,42,existing,1815.1905178737284
138,138,54,165,165,existing,0.0,138,54,165,100,existing,953.1287376531125,138,54,165,165,allocated,0.0,138,62,165,184,existing,743.7103173219657,138,63,165,184,existing,743.7103173219657,138,64,165,75,existing,1075.8246971162757,138,65,165,73,existing,1171.4377674811558,138,59,165,42,existing,1230.3853603516884,138,60,165,42,existing,1230.3853603516884,138,61,165,113,existing,1247.4403089073082
139,139,54,166,165,existing,110.48037152636275,139,54,166,224,existing,905.0530998899437,139,54,166,165,allocated,110.48037152636275,139,63,166,184,existing,750.2218363691104,139,62,166,184,existing,750.2218363691104,139,64,166,75,existing,1082.3362161634204,139,59,166,42,existing,1167.726435005381,139,61,166,113,existing,1191.5721760375193,139,65,166,73,existing,1177.9492865283005,139,60,166,42,existing,1167.726435005381
140,140,56,167,75,existing,518.1956642372461,140,56,167,95,existing,252.55968604691714,140,56,167,3,allocated,306.1897518005348,140,64,167,75,existing,518.1956642372461,140,65,167,73,existing,529.0526896201089,140,62,167,184,existing,609.6047219105151,140,63,167,184,existing,609.6047219105151,140,61,167,113,existing,1525.9585787805036,140,59,167,42,existing,1502.1128377483653,140,60,167,42,existing,1502.1128377483653
141,141,56,168,75,existing,229.98982452314698,141,56,168,100,existing,506.5664656600239,141,56,168,201,allocated,221.12370795683256,141,64,168,75,existing,229.98982452314698,141,65,168,73,existing,240.84684990600988,141,62,168,184,existing,562.1042043174568,141,63,168,184,existing,562.1042043174568,141,61,168,113,existing,1814.1644184946026,141,60,168,42,existing,1790.3186774624644,141,59,168,42,existing,1790.3186774624644
142,142,54,169,165,existing,702.5997924015024,142,54,169,224,existing,312.93367901480394,142,54,169,137,allocated,41.66939397913568,142,60,169,42,existing,894.8185535372068,142,59,169,42,existing,894.8185535372068,142,63,169,184,existing,1037.3340540674653,142,61,169,113,existing,918.664294569345,142,62,169,184,existing,1037.3340540674653,142,64,169,75,existing,1095.7726758967822,142,65,169,73,existing,1136.3469738312676
143,143,52,170,148,existing,534.0326155870237,143,52,170,149,existing,351.67485638651306,143,52,170,170,allocated,0.0,143,60,170,42,existing,236.5603218708995,143,59,170,42,existing,236.5603218708995,143,61,170,113,existing,260.4060629030377,143,63,170,184,existing,1683.8353584332608,143,62,170,184,existing,1683.8353584332608,143,64,170,75,existing,1916.159307898229,143,65,170,73,existing,1956.7336058327144
144,144,58,171,50,existing,705.4087606611578,144,58,171,224,existing,291.2276170462276,144,58,171,137,allocated,19.9633320105593,144,60,171,42,existing,956.0135694975841,144,59,171,42,existing,956.0135694975841,144,63,171,184,existing,1045.169593071091,144,61,171,113,existing,979.8593105297223,144,62,171,184,existing,1045.169593071091,144,64,171,75,existing,1064.2949324880274,144,65,171,73,existing,1075.1519578708903
145,145,52,172,148,existing,726.0281854926973,145,52,172,149,existing,820.4631262858101,145,52,172,173,allocated,37.77145491872306,145,61,172,113,existing,411.5009432209534,145,60,172,42,existing,435.34668425309155,145,63,172,184,existing,2193.6139642221124,145,59,172,42,existing,435.34668425309155,145,65,172,73,existing,2466.512211621566,145,62,172,184,existing,2193.6139642221124,145,64,172,75,existing,2425.9379136870803
146,146,52,173,148,existing,688.2567305739742,146,52,173,149,existing,782.691671367087,146,52,173,173,allocated,0.0,146,61,173,113,existing,373.7294883022303,146,59,173,42,existing,397.5752293343685,146,63,173,184,existing,2155.8425093033893,146,60,173,42,existing,397.5752293343685,146,65,173,73,existing,2428.740756702843,146,62,173,184,existing,2155.8425093033893,146,64,173,75,existing,2388.166458768357
147,147,52,174,148,existing,757.0722975882204,147,52,174,198,existing,918.3597939055682,147,52,174,111,allocated,320.77966293958866,147,61,174,113,existing,591.7575609643623,147,59,174,42,existing,615.6033019965005,147,60,174,42,existing,615.6033019965005,147,63,174,184,existing,2233.785880523033,147,65,174,73,existing,2646.768829364975,147,64,174,75,existing,2565.900260317343,147,62,174,184,existing,2233.785880523033
148,148,58,175,50,existing,572.5715831078868,148,58,175,224,existing,653.8630439619171,148,58,175,204,allocated,155.82087340458253,148,62,175,184,existing,1573.6279174419894,148,63,175,184,existing,1573.6279174419894,148,65,175,73,existing,1595.0601793460523,148,64,175,75,existing,1584.2031539631894,148,61,175,113,existing,1647.9135334228251,148,60,175,42,existing,1624.067792390687,148,59,175,42,existing,1624.067792390687
149,149,52,176,148,existing,539.3456565850586,149,52,176,149,existing,405.59090927271507,149,52,176,176,allocated,0.0,149,60,176,42,existing,241.87336286893438,149,59,176,42,existing,241.87336286893438,149,62,176,184,existing,2000.1406428379555,149,61,176,113,existing,265.7191039010726,149,63,176,184,existing,2000.1406428379555,149,64,176,75,existing,2048.8968376336175,149,65,176,73,existing,2059.7538630164804
150,150,58,178,50,existing,141.0317215953405,150,58,178,95,existing,394.4599239765165,150,58,178,177,allocated,115.10988854685276,150,63,178,184,existing,1154.050743988641,150,62,178,184,existing,1154.050743988641,150,65,178,73,existing,1175.4830058927039,150,64,178,75,existing,1164.625980509841,150,60,178,42,existing,1499.2054230565304,150,59,178,42,existing,1499.2054230565304,150,61,178,113,existing,1523.0511640886684
151,151,52,180,148,existing,556.6528740150117,151,52,180,149,existing,422.8981267026681,151,52,180,180,allocated,0.0,151,60,180,42,existing,259.18058029888743,151,59,180,42,existing,259.18058029888743,151,61,180,113,existing,283.0263213310256,151,62,180,184,existing,2017.4478602679083,151,63,180,184,existing,2017.4478602679083,151,64,180,75,existing,2061.5342159051393,151,65,180,73,existing,2072.391241288002
152,152,54,181,165,existing,517.0977931971488,152,54,181,214,existing,557.0408376212602,152,54,181,276,allocated,69.98965231039085,152,60,181,42,existing,771.0928536219501,152,59,181,42,existing,771.0928536219501,152,61,181,113,existing,794.9385946540883,152,62,181,184,existing,997.1582666344259,152,65,181,73,existing,1424.8857167936162,152,64,181,75,existing,1329.2726464287357,152,63,181,184,existing,997.1582666344259
153,153,54,182,165,existing,570.1197291662938,153,54,182,214,existing,504.01890165211523,153,54,182,276,allocated,123.01158827953583,153,60,182,42,existing,718.0709176528052,153,59,182,42,existing,718.0709176528052,153,61,182,113,existing,741.9166586849434,153,63,182,184,existing,1050.180202603571,153,62,182,184,existing,1050.180202603571,153,64,182,75,existing,1382.2945823978807,153,65,182,73,existing,1477.9076527627612
154,154,55,184,184,existing,0.0,154,55,184,100,existing,209.89074094842394,154,55,184,278,allocated,205.3490521181613,154,63,184,184,existing,0.0,154,62,184,184,existing,0.0,154,64,184,75,existing,332.1143797943099,154,65,184,73,existing,427.7274501591901,154,61,184,113,existing,1782.1130210011593,154,59,184,42,existing,1758.2672799690208,154,60,184,42,existing,1758.2672799690208
155,155,54,185,165,existing,463.2040525475971,155,54,185,214,existing,610.9345782708119,155,54,185,276,allocated,123.88339295994257,155,60,185,42,existing,824.9865942715019,155,59,185,42,existing,824.9865942715019,155,61,185,113,existing,848.8323353036401,155,63,185,184,existing,943.2645259848742,155,62,185,184,existing,943.2645259848742,155,64,185,75,existing,1275.3789057791842,155,65,185,73,existing,1370.9919761440644
156,156,54,186,165,existing,615.9410121678316,156,54,186,214,existing,584.3246178229526,156,54,186,116,allocated,431.26974230984854,156,60,186,42,existing,798.3766338236426,156,59,186,42,existing,798.3766338236426,156,63,186,184,existing,1096.0014856051089,156,61,186,113,existing,822.2223748557808,156,65,186,73,existing,1523.728935764299,156,62,186,184,existing,1096.0014856051089,156,64,186,75,existing,1428.1158653994187
157,157,58,187,50,existing,585.8423573130182,157,58,187,95,existing,78.50385922492066,157,58,187,122,allocated,210.20883170081538,157,63,187,184,existing,740.6010230544746,157,62,187,184,existing,740.6010230544746,157,65,187,73,existing,768.3916365801133,157,64,187,75,existing,757.5346111972503,157,61,187,113,existing,1286.6196318204993,157,59,187,42,existing,1262.773890788361,157,60,187,42,existing,1262.773890788361
158,158,58,188,50,existing,553.2007972440142,158,58,188,95,existing,45.862299155916745,158,58,188,122,allocated,177.56727163181145,158,62,188,184,existing,714.3178146070464,158,63,188,184,existing,714.3178146070464,158,65,188,73,existing,735.7500765111093,158,64,188,75,existing,724.8930511282464,158,60,188,42,existing,1295.4154508573652,158,59,188,42,existing,1295.4154508573652,158,61,188,113,existing,1319.2611918895032
159,159,58,189,50,existing,571.3714874369882,159,58,189,202,existing,476.0063268130725,159,58,189,204,allocated,154.62077773368387,159,60,189,42,existing,1315.4786680538691,159,59,189,42,existing,1315.4786680538691,159,63,189,184,existing,1513.4074271759873,159,61,189,113,existing,1339.324409086007,159,65,189,73,existing,1534.8396890800504,159,62,189,184,existing,1513.4074271759873,159,64,189,75,existing,1523.9826636971875
160,160,54,192,165,existing,859.7615316883232,160,54,192,214,existing,204.39325884273057,160,54,192,116,allocated,188.5150095875816,160,60,192,42,existing,606.8022707005416,160,59,192,42,existing,606.8022707005416,160,61,192,113,existing,630.6480117326798,160,63,192,184,existing,1325.3503369041305,160,65,192,73,existing,1424.3632566679328,160,62,192,184,existing,1325.3503369041305,160,64,192,75,existing,1383.7889587334473
161,161,54,193,165,existing,341.4524459197041,161,54,193,214,existing,730.6660515315273,161,54,193,236,allocated,197.93453931139487,161,63,193,184,existing,821.5129193569812,161,62,193,184,existing,821.5129193569812,161,59,193,42,existing,944.7180675322172,161,60,193,42,existing,944.7180675322172,161,64,193,75,existing,1153.627299151291,161,65,193,73,existing,1249.2403695161715,161,61,193,113,existing,968.5638085643554
162,162,55,194,184,existing,412.9313678910472,162,55,194,100,existing,206.30748195958233,162,55,194,278,allocated,209.68263732982027,162,63,194,184,existing,412.9313678910472,162,62,194,184,existing,412.9313678910472,162,64,194,75,existing,507.299877852205,162,65,194,73,existing,602.9129482170852,162,60,194,42,existing,1555.407522017251,162,61,194,113,existing,1579.2532630493893,162,59,194,42,existing,1555.407522017251
163,163,58,195,50,existing,616.9252171961697,163,58,195,95,existing,286.1123883169871,163,58,195,137,allocated,119.11512420926994,163,63,195,184,existing,946.0178008723802,163,62,195,184,existing,946.0178008723802,163,64,195,75,existing,965.1431402893168,163,65,195,73,existing,976.0001656721797,163,61,195,113,existing,1079.011102728433,163,60,195,42,existing,1055.1653616962947,163,59,195,42,existing,1055.1653616962947
164,164,58,196,50,existing,414.116563767968,164,58,196,95,existing,294.65739191129626,164,58,196,122,allocated,126.86870266304386,164,63,196,184,existing,1018.7537889019018,164,62,196,184,existing,1018.7537889019018,164,65,196,73,existing,1040.1860508059647,164,64,196,75,existing,1029.3290254231017,164,60,196,42,existing,1247.305766390774,164,59,196,42,existing,1247.305766390774,164,61,196,113,existing,1271.1515074229121
165,165,55,197,184,existing,517.0285798106731,165,55,197,100,existing,310.4745094310839,165,55,197,288,allocated,208.24081128906136,165,63,197,184,existing,517.0285798106731,165,62,197,184,existing,517.0285798106731,165,65,197,73,existing,707.0799756885867,165,64,197,75,existing,611.4669053237066,165,59,197,42,existing,1452.5229714638558,165,60,197,42,existing,1452.5229714638558,165,61,197,113,existing,1476.368712495994
166,166,52,198,148,existing,258.9494847944397,166,52,198,198,existing,0.0,166,52,198,228,allocated,144.68464038208998,166,60,198,42,existing,458.759790033472,166,59,198,42,existing,458.759790033472,166,61,198,113,existing,475.8147385890917,166,63,198,184,existing,1735.6630677292524,166,64,198,75,existing,1989.1924436242327,166,62,198,184,existing,1735.6630677292524,166,65,198,73,existing,2029.7667415587182
167,167,58,199,50,existing,371.81442930031426,167,58,199,95,existing,252.35525744364253,167,58,199,122,allocated,84.56656819539012,167,63,199,184,existing,976.451654434248,167,62,199,184,existing,976.451654434248,167,65,199,73,existing,997.8839163383109,167,64,199,75,existing,987.0268909554479,167,60,199,42,existing,1289.6079008584275,167,59,199,42,existing,1289.6079008584275,167,61,199,113,existing,1313.453641890566
168,168,57,200,73,existing,239.70970243832542,168,57,200,100,existing,528.0311729751623,168,57,200,201,allocated,172.96160321624862,168,65,200,73,existing,239.70970243832542,168,64,200,75,existing,251.4545318382854,168,63,200,184,existing,583.5689116325952,168,62,200,184,existing,583.5689116325952,168,61,200,113,existing,1862.3265232351866,168,60,200,42,existing,1838.4807822030484,168,59,200,42,existing,1838.4807822030484
169,169,58,203,50,existing,544.7361421833976,169,58,203,202,existing,449.370981559482,169,58,203,204,allocated,127.98543248009337,169,60,203,42,existing,1342.1140133074596,169,59,203,42,existing,1342.1140133074596,169,63,203,184,existing,1540.0427724295778,169,61,203,113,existing,1365.9597543395976,169,65,203,73,existing,1561.475034333641,169,62,203,184,existing,1540.0427724295778,169,64,203,75,existing,1550.618008950778
170,170,58,204,50,existing,416.7507097033043,170,58,204,224,existing,498.04217055733454,170,58,204,204,allocated,0.0,170,62,204,184,existing,1417.807044037407,170,63,204,184,existing,1417.807044037407,170,65,204,73,existing,1439.2393059414699,170,64,204,75,existing,1428.382280558607,170,61,204,113,existing,1492.0926600182427,170,60,204,42,existing,1468.2469189861044,170,59,204,42,existing,1468.2469189861044
171,171,52,205,148,existing,372.3178130297158,171,52,205,198,existing,271.5388452157891,171,52,205,228,allocated,179.18253644936692,171,60,205,42,existing,610.7576616594547,171,59,205,42,existing,610.7576616594547,171,61,205,113,existing,634.6034026915929,171,63,205,184,existing,1778.8053989569312,171,64,205,75,existing,2011.129348421899,171,62,205,184,existing,1778.8053989569312,171,65,205,73,existing,2051.7036463563845
172,172,52,206,148,existing,420.91185173692656,172,52,206,198,existing,222.9448065085783,172,52,206,228,allocated,227.7765751565777,172,60,206,42,existing,562.1636229522439,172,59,206,42,existing,562.1636229522439,172,61,206,113,existing,586.0093639843822,172,63,206,184,existing,1730.2113602497202,172,64,206,75,existing,1962.535309714688,172,62,206,184,existing,1730.2113602497202,172,65,206,73,existing,2003.1096076491735
173,173,58,207,50,existing,665.1834295534511,173,58,207,202,existing,328.92369418942855,173,58,207,204,allocated,248.4327198501468,173,60,207,42,existing,1462.561300677513,173,59,207,42,existing,1462.561300677513,173,63,207,184,existing,1660.4900597996314,173,61,207,113,existing,1486.4070417096511,173,65,207,73,existing,1681.9223217036943,173,62,207,184,existing,1660.4900597996314,173,64,207,75,existing,1671.0652963208313
174,174,52,208,148,existing,589.7263951114805,174,52,208,149,existing,684.1613359045933,174,52,208,209,allocated,107.48859108807635,174,61,208,113,existing,275.1991528397366,174,59,208,42,existing,299.04489387187476,174,63,208,184,existing,2057.312173840896,174,60,208,42,existing,299.04489387187476,174,65,208,73,existing,2330.210421240349,174,64,208,75,existing,2289.6361233058637,174,62,208,184,existing,2057.312173840896
175,175,52,209,148,existing,697.2149861995568,175,52,209,149,existing,791.6499269926696,175,52,209,209,allocated,0.0,175,61,209,113,existing,382.68774392781296,175,60,209,42,existing,406.5334849599511,175,63,209,184,existing,2164.800764928972,175,59,209,42,existing,406.5334849599511,175,64,209,75,existing,2397.12471439394,175,65,209,73,existing,2437.699012328426,175,62,209,184,existing,2164.800764928972
176,176,52,210,148,existing,1094.2508242583574,176,52,210,198,existing,1255.5383205757053,176,52,210,98,allocated,456.1425511827001,176,61,210,113,existing,850.6717018929239,176,59,210,42,existing,874.517442925062,176,60,210,42,existing,874.517442925062,176,63,210,184,existing,2570.9644071931702,176,65,210,73,existing,2905.6829702935365,176,64,210,75,existing,2865.1086723590506,176,62,210,184,existing,2570.9644071931702
177,177,54,211,165,existing,338.58470161131834,177,54,211,100,existing,614.5440360417941,177,54,211,211,existing,0.0,177,63,211,184,existing,405.12561571064737,177,62,211,184,existing,405.12561571064737,177,64,211,75,existing,737.2399955049573,177,65,211,73,existing,832.8530658698376,177,61,211,113,existing,1376.9874052905118,177,60,211,42,existing,1353.1416642583736,177,59,211,42,existing,1353.1416642583736
178,178,56,212,75,existing,620.5180035897642,178,56,212,95,existing,220.94173717657557,178,56,212,122,allocated,392.1919713649837,178,64,212,75,existing,620.5180035897642,178,65,212,73,existing,631.3750289726272,178,62,212,184,existing,711.9270612630334,178,63,212,184,existing,711.9270612630334,178,59,212,42,existing,1562.2194871898573,178,60,212,42,existing,1562.2194871898573,178,61,212,113,existing,1586.0652282219958
179,179,56,213,75,existing,912.7623618825806,179,56,213,95,existing,513.186095469392,179,56,213,122,allocated,684.4363296578001,179,64,213,75,existing,912.7623618825806,179,65,213,73,existing,923.6193872654436,179,63,213,184,existing,1004.1714195558498,179,62,213,184,existing,1004.1714195558498,179,60,213,42,existing,1854.4638454826738,179,59,213,42,existing,1854.4638454826738,179,61,213,113,existing,1878.309586514812
180,180,58,215,50,existing,881.2827268568653,180,58,215,202,existing,566.2579233931808,180,58,215,44,allocated,396.7151217297578,180,60,215,42,existing,1678.6605979809272,180,59,215,42,existing,1678.6605979809272,180,63,215,184,existing,1876.5893571030456,180,61,215,113,existing,1702.5063390130654,180,65,215,73,existing,1898.0216190071085,180,62,215,184,existing,1876.5893571030456,180,64,215,75,existing,1887.1645936242455
181,181,58,217,50,existing,310.24880507574875,181,58,217,95,existing,270.8962885418206,181,58,217,217,allocated,0.0,181,62,217,184,existing,1030.487108553945,181,63,217,184,existing,1030.487108553945,181,65,217,73,existing,1051.919370458008,181,64,217,75,existing,1041.062345075145,181,60,217,42,existing,1424.3908268616262,181,59,217,42,existing,1424.3908268616262,181,61,217,113,existing,1448.2365678937645
182,182,58,218,50,existing,1056.5899506999065,182,58,218,202,existing,62.48282695702693,182,58,218,202,allocated,62.48282695702693,182,60,218,42,existing,1343.0783212655801,182,59,218,42,existing,1343.0783212655801,182,63,218,184,existing,2027.6297701907959,182,61,218,113,existing,1366.9240622977184,182,62,218,184,existing,2027.6297701907959,182,65,218,73,existing,2049.0620320948588,182,64,218,75,existing,2038.2050067119958
183,183,52,219,148,existing,714.7669278018064,183,52,219,149,existing,305.17570515116216,183,52,219,1,allocated,96.36353028229819,183,60,219,42,existing,460.4975770192973,183,59,219,42,existing,460.4975770192973,183,63,219,184,existing,1297.7697029497235,183,61,219,113,existing,484.3433180514355,183,62,219,184,existing,1297.7697029497235,183,65,219,73,existing,1570.667950349177,183,64,219,75,existing,1530.0936524146916
184,184,55,220,184,existing,120.50636242505561,184,55,220,100,existing,89.38437852336833,184,55,220,75,allocated,211.60801736925427,184,62,220,184,existing,120.50636242505561,184,63,220,184,existing,120.50636242505561,184,64,220,75,existing,211.60801736925427,184,65,220,73,existing,307.22108773413447,184,61,220,113,existing,1874.94512353234,184,59,220,42,existing,1851.0993825002017,184,60,220,42,existing,1851.0993825002017
185,185,55,221,184,existing,558.6125748132806,185,55,221,95,existing,201.5675389496826,185,55,221,3,allocated,255.19760470330027,185,63,221,184,existing,558.6125748132806,185,62,221,184,existing,558.6125748132806,185,64,221,75,existing,569.1878113344806,185,65,221,73,existing,580.0448367173435,185,60,221,42,existing,1451.1206906511309,185,61,221,113,existing,1474.966431683269,185,59,221,42,existing,1451.1206906511309
186,186,52,222,148,existing,692.899207212749,186,52,222,198,existing,854.1867035300968,186,52,222,111,allocated,256.6065725641173,186,61,222,113,existing,527.5844705888909,186,59,222,42,existing,551.430211621029,186,60,222,42,existing,551.430211621029,186,62,222,184,existing,2169.612790147562,186,63,222,184,existing,2169.612790147562,186,65,222,73,existing,2582.5957389895034,186,64,222,75,existing,2501.7271699418716
187,187,58,223,50,existing,711.5401529054494,187,58,223,224,existing,41.5077566823484,187,58,223,137,allocated,312.7720417180167,187,60,223,42,existing,1163.3672640110403,187,59,223,42,existing,1163.3672640110403,187,62,223,184,existing,1377.904966799667,187,61,223,113,existing,1187.2130050431783,187,65,223,73,existing,1407.8873315994663,187,63,223,184,existing,1377.904966799667,187,64,223,75,existing,1397.0303062166033
188,188,58,224,50,existing,670.032396223101,188,58,224,224,existing,0.0,188,58,224,137,allocated,271.2642850356683,188,60,224,42,existing,1121.859507328692,188,59,224,42,existing,1121.859507328692,188,62,224,184,existing,1336.3972101173185,188,61,224,113,existing,1145.70524836083,188,65,224,73,existing,1366.379574917118,188,63,224,184,existing,1336.3972101173185,188,64,224,75,existing,1355.522549534255
189,189,52,228,148,existing,193.13527658034886,189,52,228,198,existing,144.68464038208998,189,52,228,228,allocated,0.0,189,60,228,42,existing,490.6075702964731,189,59,228,42,existing,490.6075702964731,189,63,228,184,existing,1669.8488595151616,189,61,228,113,existing,507.66251885209283,189,62,228,184,existing,1669.8488595151616,189,64,228,75,existing,2001.9632393094716,189,65,228,73,existing,2092.299601570635
190,190,54,229,165,existing,160.35308362184082,190,54,229,224,existing,968.4452178942538,190,54,229,237,allocated,97.96959733200124,190,63,229,184,existing,779.2964283641273,190,62,229,184,existing,779.2964283641273,190,65,229,73,existing,1207.0238785233175,190,64,229,75,existing,1111.4108081584372,190,59,229,42,existing,1231.1185530096914,190,61,229,113,existing,1254.9642940418294,190,60,229,42,existing,1231.1185530096914
191,191,54,230,165,existing,698.7034786279543,191,54,230,214,existing,365.45131190309945,191,54,230,116,allocated,212.39643638999547,191,60,230,42,existing,579.5033279037895,191,59,230,42,existing,579.5033279037895,191,61,230,113,existing,603.3490689359277,191,63,230,184,existing,1178.7639520652315,191,62,230,184,existing,1178.7639520652315,191,65,230,73,existing,1585.4213097283016,191,64,230,75,existing,1510.8783318595415
192,192,52,234,148,existing,648.1162453567742,192,52,234,149,existing,742.551186149887,192,52,234,111,allocated,279.9947144207574,192,61,234,113,existing,333.5890030850303,192,59,234,42,existing,357.43474411716846,192,62,234,184,existing,2115.7020240861893,192,60,234,42,existing,357.43474411716846,192,65,234,73,existing,2388.600271485643,192,63,234,184,existing,2115.7020240861893,192,64,234,75,existing,2348.025973551157
193,193,54,237,165,existing,62.383486289839574,193,54,237,100,existing,890.7452513632729,193,54,237,237,allocated,0.0,193,63,237,184,existing,681.3268310321262,193,62,237,184,existing,681.3268310321262,193,65,237,73,existing,1109.0542811913162,193,64,237,75,existing,1013.441210826436,193,59,237,42,existing,1168.0018740618489,193,60,237,42,existing,1168.0018740618489,193,61,237,113,existing,1185.0568226174687
194,194,58,243,50,existing,127.24979472888015,194,58,243,95,existing,380.6779971100561,194,58,243,50,allocated,127.24979472888015,194,63,243,184,existing,1140.2688171221805,194,62,243,184,existing,1140.2688171221805,194,65,243,73,existing,1161.7010790262434,194,64,243,75,existing,1150.8440536433804,194,59,243,42,existing,1512.9873499229907,194,60,243,42,existing,1512.9873499229907,194,61,243,113,existing,1536.833090955129
195,195,54,244,165,existing,765.5830337597627,195,54,244,214,existing,298.5717567712911,195,54,244,116,allocated,145.5168812581871,195,60,244,42,existing,512.6237727719811,195,59,244,42,existing,512.6237727719811,195,61,244,113,existing,536.4695138041193,195,63,244,184,existing,1245.6435071970398,195,62,244,184,existing,1245.6435071970398,195,65,244,73,existing,1518.5417545964933,195,64,244,75,existing,1477.9674566620079
196,196,58,248,50,existing,724.5621318185123,196,58,248,224,existing,310.3809882035821,196,58,248,137,allocated,39.1167031679138,196,60,248,42,existing,936.8601983402295,196,59,248,42,existing,936.8601983402295,196,63,248,184,existing,1031.4786915680688,196,61,248,113,existing,960.7059393723678,196,62,248,184,existing,1031.4786915680688,196,64,248,75,existing,1053.7310310937594,196,65,248,73,existing,1094.3053290282448
197,197,58,251,50,existing,331.44069335856346,197,58,251,95,existing,211.9815215018917,197,58,251,122,allocated,44.192832253639324,197,62,251,184,existing,936.0779184924972,197,63,251,184,existing,936.0779184924972,197,65,251,73,existing,957.5101803965601,197,64,251,75,existing,946.6531550136972,197,60,251,42,existing,1329.9816368001784,197,59,251,42,existing,1329.9816368001784,197,61,251,113,existing,1353.8273778323166
198,198,52,268,148,existing,561.9063039315945,198,52,268,149,existing,428.151556619251,198,52,268,268,allocated,0.0,198,60,268,42,existing,264.4340102154703,198,59,268,42,existing,264.4340102154703,198,61,268,113,existing,288.2797512476085,198,63,268,184,existing,2022.7012901844914,198,65,268,73,existing,2082.3145103630163,198,64,268,75,existing,2071.4574849801534,198,62,268,184,existing,2022.7012901844914
199,199,58,272,50,existing,734.9066424436635,199,58,272,224,existing,64.8742462205624,199,58,272,137,allocated,336.1385312562307,199,60,272,42,existing,1186.7337535492543,199,59,272,42,existing,1186.7337535492543,199,62,272,184,existing,1401.2714563378809,199,61,272,113,existing,1210.5794945813925,199,63,272,184,existing,1401.2714563378809,199,64,272,75,existing,1420.3967957548173,199,65,272,73,existing,1431.2538211376802
200,200,52,273,148,existing,786.7269678488076,200,52,273,149,existing,881.1619086419205,200,52,273,273,allocated,0.0,200,61,273,113,existing,472.19972557706376,200,59,273,42,existing,496.0454666092019,200,60,273,42,existing,496.0454666092019,200,62,273,184,existing,2254.3127465782227,200,65,273,73,existing,2527.2109939776765,200,64,273,75,existing,2486.6366960431906,200,63,273,184,existing,2254.3127465782227
201,201,52,274,148,existing,918.4598946037294,201,52,274,149,existing,1060.389071494848,201,52,274,111,allocated,482.1672599550977,201,61,274,113,existing,651.4268884299912,201,60,274,42,existing,675.2726294621294,201,63,274,184,existing,2395.173477538542,201,59,274,42,existing,675.2726294621294,201,65,274,73,existing,2706.4381568306035,201,62,274,184,existing,2395.173477538542,201,64,274,75,existing,2665.8638588961185
202,202,58,275,50,existing,790.0444049621934,202,58,275,224,existing,120.01200873909237,202,58,275,137,allocated,391.2762937747607,202,60,275,42,existing,1241.8715160677843,202,59,275,42,existing,1241.8715160677843,202,62,275,184,existing,1456.409218856411,202,61,275,113,existing,1265.7172570999226,202,65,275,73,existing,1486.3915836562103,202,63,275,184,existing,1456.409218856411,202,64,275,75,existing,1475.5345582733473
203,203,54,276,165,existing,587.0874455075397,203,54,276,214,existing,627.0304899316511,203,54,276,276,allocated,0.0,203,60,276,42,existing,841.0825059323411,203,59,276,42,existing,841.0825059323411,203,61,276,113,existing,864.9282469644793,203,63,276,184,existing,1067.1479189448169,203,62,276,184,existing,1067.1479189448169,203,64,276,75,existing,1399.262298739127,203,65,276,73,existing,1494.875369104007
204,204,54,277,165,existing,407.5825529770932,204,54,277,224,existing,609.277583946291,204,54,277,236,allocated,264.06464636878405,204,60,277,42,existing,870.6242535546505,204,59,277,42,existing,870.6242535546505,204,62,277,184,existing,887.6430264143704,204,63,277,184,existing,887.6430264143704,204,64,277,75,existing,1219.7574062086803,204,61,277,113,existing,894.4699945867887,204,65,277,73,existing,1315.3704765735606
205,205,55,278,184,existing,205.3490521181613,205,55,278,100,existing,415.2397930665852,205,55,278,278,allocated,0.0,205,63,278,184,existing,205.3490521181613,205,62,278,184,existing,205.3490521181613,205,65,278,73,existing,633.0765022773514,205,64,278,75,existing,537.4634319124712,205,61,278,113,existing,1576.763968882998,205,59,278,42,existing,1552.9182278508595,205,60,278,42,existing,1552.9182278508595
206,206,58,280,50,existing,1368.886653128908,206,58,280,202,existing,374.7795293860285,206,58,280,280,allocated,0.0,206,60,280,42,existing,1156.71907104083,206,59,280,42,existing,1156.71907104083,206,61,280,113,existing,1180.5648120729682,206,63,280,184,existing,2339.9264726197976,206,65,280,73,existing,2361.35873452386,206,62,280,184,existing,2339.9264726197976,206,64,280,75,existing,2350.5017091409973
207,207,56,281,75,existing,632.5668339890631,207,56,281,95,existing,492.75318165550345,207,56,281,201,allocated,576.583865502382,207,64,281,75,existing,632.5668339890631,207,65,281,73,existing,643.3319647244588,207,62,281,184,existing,898.3064823244736,207,63,281,184,existing,898.3064823244736,207,61,281,113,existing,1814.660339194462,207,60,281,42,existing,1790.8145981623238,207,59,281,42,existing,1790.8145981623238
208,208,52,282,148,existing,813.5258349775179,208,52,282,149,existing,955.4550118686366,208,52,282,111,allocated,377.23320032888626,208,61,282,113,existing,546.4928288037797,208,59,282,42,existing,570.338569835918,208,63,282,184,existing,2290.2394179123307,208,60,282,42,existing,570.338569835918,208,65,282,73,existing,2601.504097204392,208,64,282,75,existing,2560.929799269907,208,62,282,184,existing,2290.2394179123307
209,209,57,284,73,existing,321.9495037062735,209,57,284,95,existing,598.6015966426413,209,57,284,201,allocated,255.2014044841967,209,65,284,73,existing,321.9495037062735,209,64,284,75,existing,333.69433310623344,209,63,284,184,existing,665.8087129005434,209,62,284,184,existing,665.8087129005434,209,59,284,42,existing,1894.5089468222754,209,60,284,42,existing,1894.5089468222754,209,61,284,113,existing,1918.3546878544134
210,210,52,285,148,existing,975.3476893235052,210,52,285,149,existing,1117.2768662146239,210,52,285,111,allocated,539.0550546748735,210,61,285,113,existing,708.314683149767,210,60,285,42,existing,732.1604241819052,210,63,285,184,existing,2452.0612722583182,210,59,285,42,existing,732.1604241819052,210,65,285,73,existing,2763.3259515503796,210,62,285,184,existing,2452.0612722583182,210,64,285,75,existing,2722.7516536158946
211,211,52,287,148,existing,704.9365972945413,211,52,287,149,existing,846.8657741856599,211,52,287,111,allocated,268.64396264590965,211,61,287,113,existing,437.9035911208032,211,60,287,42,existing,461.7493321529414,211,62,287,184,existing,2181.650180229354,211,59,287,42,existing,461.7493321529414,211,65,287,73,existing,2492.9148595214156,211,64,287,75,existing,2452.3405615869306,211,63,287,184,existing,2181.650180229354
212,212,55,288,184,existing,308.7877685216117,212,55,288,100,existing,518.6785094700357,212,55,288,288,existing,0.0,212,63,288,184,existing,308.7877685216117,212,62,288,184,existing,308.7877685216117,212,64,288,75,existing,640.9021483159216,212,65,288,73,existing,736.5152186808019,212,61,288,113,existing,1473.3252524795475,212,59,288,42,existing,1449.479511447409,212,60,288,42,existing,1449.479511447409
