,assign_from_var_id_grocery,assign_to_var_id_grocery,assign_from_node_id_grocery,assign_to_node_id_grocery,assign_type_grocery,dist_grocery,assign_from_var_id_school,assign_to_var_id_school,assign_from_node_id_school,assign_to_node_id_school,assign_type_school,dist_school,0_assign_from_var_id_restaurant,0_assign_to_var_id_restaurant,0_assign_from_node_id_restaurant,0_assign_to_node_id_restaurant,0_assign_type_restaurant,0_dist_restaurant,1_assign_from_var_id_restaurant,1_assign_to_var_id_restaurant,1_assign_from_node_id_restaurant,1_assign_to_node_id_restaurant,1_assign_type_restaurant,1_dist_restaurant,2_assign_from_var_id_restaurant,2_assign_to_var_id_restaurant,2_assign_from_node_id_restaurant,2_assign_to_node_id_restaurant,2_assign_type_restaurant,2_dist_restaurant,3_assign_from_var_id_restaurant,3_assign_to_var_id_restaurant,3_assign_from_node_id_restaurant,3_assign_to_node_id_restaurant,3_assign_type_restaurant,3_dist_restaurant,4_assign_from_var_id_restaurant,4_assign_to_var_id_restaurant,4_assign_from_node_id_restaurant,4_assign_to_node_id_restaurant,4_assign_type_restaurant,4_dist_restaurant
0,0,77,0,368,existing,71.24366018691816,0,77,0,277,existing,529.6016990301786,0,53,0,284,allocated,140.0724965470182,0,82,0,419,existing,264.3621153233852,0,1,0,23,allocated,884.7995130491564,0,4,0,50,allocated,682.4560897130073,0,81,0,27,existing,1243.8541212673547
1,1,77,1,368,existing,50.79959502001224,1,77,1,277,existing,509.1576338632727,1,53,1,284,allocated,151.2854327614213,1,82,1,419,existing,243.91805015647924,1,1,1,23,allocated,896.5187125589546,1,4,1,50,allocated,701.2467427313263,1,81,1,27,existing,1264.2981864342607
2,2,74,2,252,existing,327.02856094049116,2,74,2,197,allocated,266.8200376187725,2,4,2,50,allocated,895.2417492226791,2,1,2,23,allocated,1034.235930355947,2,82,2,419,existing,1634.0242977589155,2,53,2,284,allocated,1298.456987855497,2,81,2,27,existing,1760.470455419173
3,3,74,3,252,existing,402.61499854527295,3,74,3,197,allocated,342.40647522355437,3,4,3,50,allocated,819.6553116178973,3,1,3,23,allocated,1066.4517810890177,3,82,3,419,existing,1558.437860154134,3,53,3,284,allocated,1222.8705502507153,3,81,3,27,existing,1684.8840178143914
4,4,25,4,145,allocated,999.7642205988525,4,25,4,157,existing,687.6106177873564,4,81,4,27,existing,909.2624941826556,4,4,4,50,allocated,1145.5498675766307,4,1,4,23,allocated,1392.3463370477514,4,53,4,284,allocated,1540.711646262522,4,82,4,419,existing,1876.2789561659404
5,5,25,5,145,allocated,711.3438362897821,5,25,5,157,existing,703.8439898614644,5,81,5,27,existing,619.2293047283233,5,4,5,50,allocated,999.3309234816846,5,53,5,284,allocated,1252.2912619534516,5,1,5,23,allocated,1246.1273929528052,5,82,5,419,existing,1587.8585718568702
6,6,77,6,368,existing,129.88931025054868,6,77,6,277,existing,588.2473490938091,6,53,6,284,allocated,198.71814661064872,6,82,6,419,existing,323.00776538701564,6,4,6,50,allocated,741.1017397766378,6,1,6,23,allocated,943.445163112787,6,81,6,27,existing,1197.8167803518375
7,7,14,9,91,allocated,149.92746405440968,7,14,9,10,existing,94.27221558358637,7,1,9,23,allocated,538.9780849017299,7,4,9,50,allocated,623.4908560546653,7,82,9,419,existing,1181.9251327694533,7,53,9,284,allocated,840.4360418649833,7,81,9,27,existing,1957.2700009577238
8,8,14,10,91,allocated,244.19967963799604,8,14,10,10,existing,0.0,8,1,10,23,allocated,633.2503004853162,8,4,10,50,allocated,717.7630716382516,8,82,10,419,existing,1276.1973483530396,8,53,10,284,allocated,934.7082574485698,8,81,10,27,existing,2051.54221654131
9,9,41,11,229,allocated,535.9912322240114,9,41,11,311,existing,485.2150836211471,9,53,11,284,allocated,882.9672339630796,9,82,11,419,existing,920.9099203749262,9,1,11,23,allocated,1215.005112201677,9,4,11,50,allocated,1299.5178833546126,9,81,11,27,existing,2055.616160650401
10,10,41,12,229,allocated,445.5268880246722,10,41,12,311,existing,394.7507394218079,10,53,12,284,allocated,792.5028897637404,10,82,12,419,existing,830.445576175587,10,1,12,23,allocated,1124.5407680023382,10,4,12,50,allocated,1209.0535391552735,10,81,12,27,existing,1965.1518164510617
11,11,41,13,229,allocated,152.2427205842365,11,41,13,311,existing,101.46657198137214,11,82,13,419,existing,873.253434864935,11,53,13,284,allocated,1032.8505091561399,11,4,13,50,allocated,1449.4011585476728,11,1,13,23,allocated,1364.8883873947375,11,81,13,27,existing,2205.499435843461
12,12,41,14,229,allocated,129.7128757406073,12,41,14,311,existing,123.99641682500133,12,82,14,419,existing,895.7832797085641,12,53,14,284,allocated,1055.3803539997689,12,1,14,23,allocated,1387.4182322383667,12,4,14,50,allocated,1471.931003391302,12,81,14,27,existing,2228.0292806870902
13,13,25,15,145,allocated,593.7208564451912,13,25,15,277,existing,748.2225496874264,13,81,15,27,existing,494.7942676917618,13,53,15,284,allocated,1083.846435422958,13,82,15,419,existing,1419.4137453263766,13,4,15,50,allocated,1575.7813641673715,13,1,15,23,allocated,1819.6123975468631
14,14,25,16,145,allocated,442.704798260268,14,25,16,277,existing,597.2064915025034,14,81,16,27,existing,343.7782095068386,14,53,16,284,allocated,932.8303772380348,14,82,16,419,existing,1268.3976871414534,14,4,16,50,allocated,1424.7653059824484,14,1,16,23,allocated,1668.59633936194
15,15,14,17,91,allocated,716.7002832351544,15,14,17,10,existing,472.50060359715826,15,1,17,23,allocated,1105.7509040824746,15,53,17,284,allocated,1126.5316159800934,15,4,17,50,allocated,1190.2636752354101,15,82,17,419,existing,1463.0665919540822,15,81,17,27,existing,2255.561647175395
16,16,41,18,229,allocated,737.4341660371697,16,41,18,10,existing,562.7718691271664,16,53,18,284,allocated,1036.2603504500853,16,1,18,23,allocated,1196.0221696124827,16,4,18,50,allocated,1280.534940765418,16,82,18,419,existing,1372.7953264240741,16,81,18,27,existing,2165.290381645387
17,17,14,19,91,allocated,500.07703273416155,17,14,19,260,allocated,461.1983087892449,17,1,19,23,allocated,880.1904423485397,17,4,19,50,allocated,964.7032135014751,17,53,19,284,allocated,1463.140023827888,17,82,19,419,existing,1804.6291147323577,17,81,19,27,existing,2579.9739829206283
18,18,14,20,91,allocated,489.2370622403055,18,14,20,260,allocated,472.0382792831009,18,1,20,23,allocated,869.3504718546836,18,4,20,50,allocated,953.8632430076191,18,53,20,284,allocated,1452.3000533340319,18,82,20,419,existing,1793.7891442385016,18,81,20,27,existing,2569.134012426772
19,19,41,22,229,allocated,533.6787871397967,19,41,22,189,existing,481.9156226194321,19,82,22,419,existing,981.1502594689932,19,53,22,284,allocated,1285.6442866308637,19,1,22,23,allocated,1799.370779192674,19,4,22,50,allocated,1835.6055966007686,19,81,22,27,existing,2429.3819745272863
20,20,76,23,106,existing,425.46062824624414,20,76,23,401,existing,503.04227648043377,20,1,23,23,allocated,0.0,20,4,23,50,allocated,246.79646947112053,20,53,23,284,allocated,745.2332797975332,20,82,23,419,existing,1086.722370702003,20,81,23,27,existing,1862.0672388902738
21,21,14,25,91,allocated,315.30012278621365,21,14,25,10,existing,284.6752997803542,21,1,25,23,allocated,348.575000704962,21,4,25,50,allocated,433.08777185789756,21,53,25,284,allocated,650.0329576682157,21,82,25,419,existing,991.5220485726854,21,81,25,27,existing,1766.866916760956
22,22,14,26,91,allocated,234.5976737020773,22,14,26,10,existing,203.97285069621785,22,1,26,23,allocated,429.2774497890984,22,4,26,50,allocated,513.7902209420339,22,82,26,419,existing,1072.2244976568218,22,53,26,284,allocated,730.735406752352,22,81,26,27,existing,1847.5693658450923
23,23,25,27,145,allocated,636.1756977886016,23,25,27,277,existing,837.0250409517898,23,81,27,27,existing,0.0,23,53,27,284,allocated,1172.6489266873214,23,82,27,419,existing,1508.21623659074,23,4,27,50,allocated,1616.9449314223664,23,1,27,23,allocated,1862.0672388902738
24,24,77,29,368,existing,422.87253252850934,24,77,29,277,existing,312.7175760937288,24,53,29,284,allocated,570.7576018469796,24,82,29,419,existing,615.9909876649763,24,4,29,50,allocated,1120.7189118168844,24,81,29,27,existing,1149.7426170455187,24,1,29,23,allocated,1315.9908816445127
25,25,78,30,419,existing,649.1962299664573,25,78,30,56,allocated,360.0697368747401,25,82,30,419,existing,649.1962299664573,25,53,30,284,allocated,819.9939402400347,25,4,30,50,allocated,1369.9552502099395,25,81,30,27,existing,1358.880287151742,25,1,30,23,allocated,1565.2272200375678
26,26,74,32,252,existing,524.5788564180867,26,74,32,197,allocated,398.67461991929156,26,4,32,50,allocated,1153.2500210328876,26,1,32,23,allocated,1231.7862258335426,26,53,32,284,allocated,1557.8163061898738,26,82,32,419,existing,1899.3053970943436,26,81,32,27,existing,2027.2336449576092
27,27,76,33,106,existing,196.5144420661661,27,76,33,197,allocated,691.9787429408925,27,1,33,23,allocated,436.3429799869665,27,4,33,50,allocated,683.139449458087,27,82,33,419,existing,1523.0653506889696,27,53,33,284,allocated,1181.5762597844998,27,81,33,27,existing,2298.4102188772404
28,28,76,34,106,existing,296.8995990870238,28,76,34,260,allocated,593.3858309097255,28,1,34,23,allocated,535.71394045301,28,4,34,50,allocated,782.5104099241305,28,82,34,419,existing,1622.436311155013,28,53,34,284,allocated,1280.9472202505433,28,81,34,27,existing,2397.781179343284
29,29,41,35,229,allocated,491.64481738561335,29,41,35,189,existing,543.4079819059779,29,53,35,284,allocated,1089.0632913606714,29,82,35,419,existing,1127.0059777725178,29,4,35,50,allocated,1497.9442896028982,29,1,35,23,allocated,1413.4315184499628,29,81,35,27,existing,2261.712218047993
30,30,41,36,229,allocated,394.63201411207,30,41,36,189,existing,446.3951786324345,30,53,36,284,allocated,1186.0760946342148,30,82,36,419,existing,1224.0187810460611,30,4,36,50,allocated,1594.9570928764415,30,1,36,23,allocated,1510.4443217235062,30,81,36,27,existing,2358.7250213215366
31,31,76,37,106,existing,597.2033121560721,31,76,37,260,allocated,696.8978314144335,31,1,37,23,allocated,697.9180808897456,31,4,37,50,allocated,944.7145503608662,31,82,37,419,existing,1784.6404515917488,31,53,37,284,allocated,1443.151360687279,31,81,37,27,existing,2559.9853197800194
32,32,76,38,106,existing,605.9345240014018,32,76,38,260,allocated,705.6290432597631,32,1,38,23,allocated,689.1868690444161,32,4,38,50,allocated,935.9833385155366,32,53,38,284,allocated,1434.4201488419494,32,82,38,419,existing,1775.9092397464192,32,81,38,27,existing,2551.2541079346897
33,33,79,39,256,existing,788.9586877644645,33,79,39,10,existing,568.8520393247934,33,53,39,284,allocated,1035.5176239358466,33,1,39,23,allocated,1202.1023398101097,33,4,39,50,allocated,1286.6151109630453,33,82,39,419,existing,1377.0067148403164,33,81,39,27,existing,2164.547655131148
34,34,79,40,256,existing,711.9474830356362,34,79,40,10,existing,491.84083459596513,34,53,40,284,allocated,958.5064192070186,34,1,40,23,allocated,1125.0911350812812,34,82,40,419,existing,1299.9955101114883,34,4,40,50,allocated,1209.6039062342168,34,81,40,27,existing,2087.53645040232
35,35,14,41,91,allocated,360.5463255425327,35,14,41,260,allocated,375.5211817158368,35,1,41,23,allocated,740.6597351569109,35,4,41,50,allocated,825.1725063098463,35,53,41,284,allocated,1323.609316636259,35,82,41,419,existing,1665.0984075407289,35,81,41,27,existing,2440.4432757289997
36,36,14,42,91,allocated,431.14746845499565,36,14,42,260,allocated,446.12232462829974,36,1,42,23,allocated,811.2608780693738,36,4,42,50,allocated,895.7736492223092,36,53,42,284,allocated,1394.2104595487222,36,82,42,419,existing,1735.699550453192,36,81,42,27,existing,2511.0444186414625
37,37,14,43,91,allocated,553.7361956358442,37,14,43,260,allocated,407.53914588756226,37,1,43,23,allocated,933.8496052502223,37,4,43,50,allocated,1018.3623764031578,37,82,43,419,existing,1858.2882776340402,37,53,43,284,allocated,1516.7991867295705,37,81,43,27,existing,2633.633145822311
38,38,14,44,91,allocated,514.1259240355877,38,14,44,260,allocated,447.14941748781877,38,1,44,23,allocated,894.2393336499658,38,4,44,50,allocated,978.7521048029013,38,82,44,419,existing,1818.6780060337837,38,53,44,284,allocated,1477.188915129314,38,81,44,27,existing,2594.0228742220543
39,39,14,45,91,allocated,646.0060704496875,39,14,45,260,allocated,284.7547065906621,39,1,45,23,allocated,1026.1194800640656,39,4,45,50,allocated,1110.632251217001,39,82,45,419,existing,1950.5581524478837,39,53,45,284,allocated,1609.0690615434137,39,81,45,27,existing,2725.903020636154
40,40,14,46,91,allocated,480.38436859939935,40,14,46,260,allocated,450.3764084409503,40,1,46,23,allocated,860.4977782137776,40,4,46,50,allocated,945.010549366713,40,82,46,419,existing,1784.9364505975957,40,53,46,284,allocated,1443.4473596931257,40,81,46,27,existing,2560.2813187858665
41,41,41,47,229,allocated,433.9464227262464,41,41,47,311,existing,383.170274123382,41,82,47,419,existing,1154.9571370069448,41,53,47,284,allocated,1314.5542112981495,41,1,47,23,allocated,1646.5920895367474,41,4,47,50,allocated,1731.104860689683,41,81,47,27,existing,2487.203137985471
42,42,41,48,229,allocated,451.2481849684632,42,41,48,189,existing,503.0113494888277,42,53,48,284,allocated,1242.692265490608,42,82,48,419,existing,1280.6349519024543,42,1,48,23,allocated,1567.0604925798991,42,4,48,50,allocated,1651.5732637328347,42,81,48,27,existing,2415.3411921779298
43,43,14,50,91,allocated,514.4773112852913,43,14,50,401,existing,256.2458070093133,43,4,50,50,allocated,0.0,43,1,50,23,allocated,246.79646947112053,43,82,50,419,existing,891.4504008743748,43,53,50,284,allocated,549.961309969905,43,81,50,27,existing,1616.9449314223664
44,44,41,51,229,allocated,576.3953370327913,44,41,51,311,existing,525.619188429927,44,53,51,284,allocated,923.3713387718594,44,82,51,419,existing,961.3140251837061,44,4,51,50,allocated,1339.9219881633928,44,1,51,23,allocated,1255.4092170104573,44,81,51,27,existing,2096.020265459181
45,45,41,52,229,allocated,588.2521710859738,45,41,52,311,existing,537.4760224831095,45,53,52,284,allocated,935.228172825042,45,82,52,419,existing,973.1708592368886,45,1,52,23,allocated,1267.2660510636397,45,4,52,50,allocated,1351.7788222165752,45,81,52,27,existing,2107.8770995123637
46,46,77,53,368,existing,187.13168114936386,46,77,53,56,allocated,378.7883752199265,46,53,53,284,allocated,335.01675046783413,46,82,53,419,existing,380.2501362858309,46,1,53,23,allocated,1080.2500302653673,46,4,53,50,allocated,884.978060437739,46,81,53,27,existing,1378.8658874662592
47,47,78,55,419,existing,605.1838672338048,47,78,55,56,allocated,316.0573741420875,47,82,55,419,existing,605.1838672338048,47,53,55,284,allocated,781.1053440124003,47,1,55,23,allocated,1526.3386238099336,47,4,55,50,allocated,1331.0666539823053,47,81,55,27,existing,1840.1493400562777
48,48,78,56,419,existing,483.9845512040095,48,78,56,56,allocated,0.0,48,82,56,419,existing,483.9845512040095,48,53,56,284,allocated,659.906027982605,48,4,56,50,allocated,1209.86733795251,48,1,56,23,allocated,1405.1393077801383,48,81,56,27,existing,1718.9500240264822
49,49,78,58,419,existing,640.3438217355917,49,78,58,56,allocated,156.35927053158213,49,82,58,419,existing,640.3438217355917,49,53,58,284,allocated,816.2652985141873,49,1,58,23,allocated,1561.4985783117204,49,4,58,50,allocated,1366.2266084840921,49,81,58,27,existing,1875.3092945580643
50,50,78,61,419,existing,655.6269288028049,50,78,61,56,allocated,171.6423775987953,50,82,61,419,existing,655.6269288028049,50,53,61,284,allocated,831.5484055814004,50,4,61,50,allocated,1381.5097155513054,50,1,61,23,allocated,1576.7816853789336,50,81,61,27,existing,1890.5924016252775
51,51,78,62,419,existing,688.0793815006436,51,78,62,56,allocated,204.09483029663411,51,82,62,419,existing,688.0793815006436,51,53,62,284,allocated,864.0008582792392,51,4,62,50,allocated,1413.9621682491443,51,1,62,23,allocated,1609.2341380767725,51,81,62,27,existing,1923.0448543231164
52,52,78,63,419,existing,745.5892376457655,52,78,63,56,allocated,456.4627445540482,52,82,63,419,existing,745.5892376457655,52,53,63,284,allocated,921.510714424361,52,1,63,23,allocated,1666.7439942218944,52,4,63,50,allocated,1471.472024394266,52,81,63,27,existing,1980.5547104682382
53,53,41,64,229,allocated,695.7652402191097,53,41,64,56,allocated,567.3138805478116,53,82,64,419,existing,814.1372669497916,53,53,64,284,allocated,1032.3618504181243,53,4,64,50,allocated,1582.3231603880292,53,1,64,23,allocated,1777.5951302156575,53,81,64,27,existing,2091.4058464620016
54,54,76,65,106,existing,179.5627369029954,54,76,65,401,existing,752.9096806692547,54,1,65,23,allocated,249.86740418882087,54,4,65,50,allocated,496.66387365994143,54,82,65,419,existing,1336.589774890824,54,53,65,284,allocated,995.1006839863542,54,81,65,27,existing,2111.9346430790947
55,55,76,66,106,existing,279.893920491267,55,76,66,401,existing,648.608984235411,55,1,66,23,allocated,145.56670775497707,55,4,66,50,allocated,392.3631772260976,55,53,66,284,allocated,890.7999875525104,55,82,66,419,existing,1232.2890784569802,55,81,66,27,existing,2007.633946645251
56,56,14,67,91,allocated,349.3779713494301,56,14,67,10,existing,105.17829171143403,56,1,67,23,allocated,738.4285921967503,56,4,67,50,allocated,822.9413633496857,56,82,67,419,existing,1381.3756400644736,56,53,67,284,allocated,1039.8865491600038,56,81,67,27,existing,2156.7205082527444
57,57,74,68,252,existing,444.92486470077256,57,74,68,157,existing,321.11615385674554,57,4,68,50,allocated,777.3454454623977,57,1,68,23,allocated,1024.1419149335181,57,53,68,284,allocated,1180.5606840952155,57,82,68,419,existing,1516.127993998634,57,81,68,27,existing,1642.5741516588919
58,58,74,69,252,existing,500.3459745971361,58,74,69,157,existing,376.5372637531091,58,4,69,50,allocated,832.7665553587613,58,1,69,23,allocated,1079.5630248298817,58,82,69,419,existing,1571.5491038949976,58,53,69,284,allocated,1235.981793991579,58,81,69,27,existing,1697.9952615552552
59,59,14,70,91,allocated,644.0833738848492,59,14,70,10,existing,603.4688160170273,59,1,70,23,allocated,1024.1967834992272,59,4,70,50,allocated,1108.7095546521628,59,82,70,419,existing,1778.9084150547067,59,53,70,284,allocated,1437.4193241502371,59,81,70,27,existing,2566.4493553455386
60,60,14,71,91,allocated,568.944654496269,60,14,71,10,existing,528.3300966284471,60,1,71,23,allocated,949.0580641106471,60,4,71,50,allocated,1033.5708352635827,60,82,71,419,existing,1703.7696956661266,60,53,71,284,allocated,1362.280604761657,60,81,71,27,existing,2491.3106359569583
61,61,80,72,284,existing,219.36593643801237,61,80,72,401,existing,441.4461557282871,61,53,72,284,allocated,219.36593643801237,61,4,72,50,allocated,330.5953735318926,61,1,72,23,allocated,525.867343359521,61,82,72,419,existing,560.8550273424822,61,81,72,27,existing,1336.1998955307529
62,62,41,73,229,allocated,485.4059870277381,62,41,73,311,existing,231.69669446212947,62,82,73,419,existing,614.0127374555613,62,53,73,284,allocated,918.5067646174317,62,1,73,23,allocated,1478.1882130755403,62,4,73,50,allocated,1468.4680745873366,62,81,73,27,existing,2091.155691304753
63,63,41,74,229,allocated,448.4447025106742,63,41,74,311,existing,194.73540994506556,63,82,74,419,existing,577.0514529384973,63,53,74,284,allocated,881.5454801003679,63,1,74,23,allocated,1441.2269285584762,63,4,74,50,allocated,1431.506790070273,63,81,74,27,existing,2054.1944067876893
64,64,74,75,252,existing,547.325896579707,64,74,75,157,existing,221.2784007396524,64,4,75,50,allocated,510.2995348746765,64,1,75,23,allocated,757.0960043457969,64,53,75,284,allocated,914.8658200316627,64,82,75,419,existing,1256.3549109361325,64,81,75,27,existing,1542.7363985417987
65,65,74,76,252,existing,333.03058788828747,65,74,76,401,existing,353.3404998531375,65,4,76,50,allocated,296.00422618325695,65,1,76,23,allocated,542.8006956543775,65,53,76,284,allocated,700.5705113402432,65,82,76,419,existing,1042.059602244713,65,81,76,27,existing,1714.0396242661905
66,66,41,85,229,allocated,407.08908481264393,66,41,85,189,existing,355.3259202922794,66,82,85,419,existing,859.6794205362112,66,53,85,284,allocated,1133.8979542191883,66,1,85,23,allocated,1633.1519721795462,66,4,85,50,allocated,1683.8592641890932,66,81,85,27,existing,2306.5468809065096
67,67,41,86,229,allocated,322.12197880459,67,41,86,189,existing,270.3588142842255,67,82,86,419,existing,920.2217789086405,67,53,86,284,allocated,1194.4403125916174,67,4,86,50,allocated,1744.4016225615226,67,1,86,23,allocated,1680.013054640714,67,81,86,27,existing,2367.089239278939
68,68,25,87,145,allocated,509.3682737564701,68,25,87,157,existing,501.0777812263344,68,4,87,50,allocated,796.5647148465547,68,81,87,27,existing,937.4847228910829,68,1,87,23,allocated,1043.3611843176752,68,53,87,284,allocated,1050.3156994201395,68,82,87,419,existing,1385.883009323558
69,69,25,88,145,allocated,526.9936183594601,69,25,88,157,existing,518.7031258293244,69,4,88,50,allocated,814.1900594495447,69,81,88,27,existing,955.110067494073,69,1,88,23,allocated,1060.9865289206653,69,53,88,284,allocated,1067.9410440231295,69,82,88,419,existing,1403.5083539265481
70,70,80,89,284,existing,504.0210518267026,70,80,89,401,existing,156.79104033959692,70,4,89,50,allocated,99.45476666971635,70,1,89,23,allocated,346.2512361408369,70,82,89,419,existing,845.5101427311724,70,53,89,284,allocated,504.0210518267026,70,81,89,27,existing,1517.49016475265
71,71,14,91,91,allocated,0.0,71,14,91,10,existing,244.19967963799604,71,1,91,23,allocated,429.96454013235586,71,4,91,50,allocated,514.4773112852913,71,82,91,419,existing,1306.8221713588991,71,53,91,284,allocated,965.3330804544291,71,81,91,27,existing,2082.1670395471697
72,72,25,92,145,allocated,503.14567080604866,72,25,92,157,existing,190.70160534156884,72,4,92,50,allocated,790.3421118961335,72,1,92,23,allocated,1037.138581367254,72,53,92,284,allocated,1044.093096469718,72,81,92,27,existing,1137.9945847957206,72,82,92,419,existing,1379.6604063731365
73,73,25,93,145,allocated,567.42775004037,73,25,93,157,existing,126.41952610724746,73,4,93,50,allocated,727.4079952715526,73,1,93,23,allocated,974.204464742673,73,81,93,27,existing,1202.276664030042,73,53,93,284,allocated,985.8640563457176,73,82,93,419,existing,1321.431366249136
74,74,25,95,145,allocated,866.6255649890772,74,25,95,157,existing,554.4719621775812,74,4,95,50,allocated,1012.4112119668555,74,81,95,27,existing,1042.401149792431,74,1,95,23,allocated,1259.207681437976,74,53,95,284,allocated,1407.5729906527467,74,82,95,419,existing,1743.1403005561651
75,75,25,96,145,allocated,638.8946042222799,75,25,96,157,existing,326.45053875780013,75,4,96,50,allocated,784.3897885470745,75,1,96,23,allocated,1031.186258018195,75,53,96,284,allocated,1179.8420298859492,75,81,96,27,existing,1270.422573212212,75,82,96,419,existing,1515.4093397893678
76,76,25,97,145,allocated,347.449788171305,76,25,97,157,existing,339.15929564116936,76,4,97,50,allocated,634.6462292613897,76,1,97,23,allocated,881.4426987325103,76,81,97,27,existing,982.2987021609767,76,53,97,284,allocated,888.3972138349744,76,82,97,419,existing,1223.964523738393
77,77,25,98,145,allocated,533.8228063299176,77,25,98,157,existing,152.75076777204242,77,4,98,50,allocated,448.2377013922627,77,1,98,23,allocated,695.0341708633832,77,82,98,419,existing,1042.2610723698463,77,53,98,284,allocated,706.6937624664276,77,81,98,27,existing,1168.7072300301038
78,78,74,99,252,existing,628.3666965531797,78,74,99,157,existing,137.67432200433836,78,4,99,50,allocated,593.9036136099905,78,1,99,23,allocated,840.700083081111,78,82,99,419,existing,1332.686162146227,78,53,99,284,allocated,997.1188522428084,78,81,99,27,existing,1459.1323198064847
79,79,76,100,106,existing,377.9815017199338,79,76,100,10,existing,657.2205067467148,79,1,100,23,allocated,243.65428898364388,79,4,100,50,allocated,490.4507584547644,79,82,100,419,existing,1330.376659685647,79,53,100,284,allocated,988.8875687811772,79,81,100,27,existing,2105.7215278739177
80,80,14,101,91,allocated,315.78733848705696,80,14,101,10,existing,559.987018125053,80,1,101,23,allocated,340.8877776053057,80,4,101,50,allocated,587.6842470764262,80,53,101,284,allocated,1086.121057402839,80,82,101,419,existing,1427.6101483073087,80,81,101,27,existing,2202.9550164955795
81,81,25,102,145,allocated,448.1681065213428,81,25,102,277,existing,397.8060226683384,81,81,102,27,existing,786.6156828787668,81,53,102,284,allocated,938.2936854991095,81,82,102,419,existing,1103.482475111029,81,4,102,50,allocated,1430.2286142435232,81,1,102,23,allocated,1674.0596476230148
82,82,25,103,145,allocated,463.1865269892551,82,25,103,277,existing,411.1577188461435,82,81,103,27,existing,801.6341033466792,82,53,103,284,allocated,953.3121059670219,82,4,103,50,allocated,1445.2470347114356,82,82,103,419,existing,1116.834171288834,82,1,103,23,allocated,1689.0780680909272
83,83,79,104,256,existing,480.7575609370368,83,79,104,10,existing,260.6509124973657,83,53,104,284,allocated,727.3164971084191,83,1,104,23,allocated,893.901212982682,83,4,104,50,allocated,978.4139841356174,83,82,104,419,existing,1068.805588012889,83,81,104,27,existing,1856.3465283037208
84,84,79,105,256,existing,586.499227547891,84,79,105,10,existing,366.3925791082198,84,53,105,284,allocated,833.0581637192731,84,1,105,23,allocated,999.642879593536,84,4,105,50,allocated,1084.1556507464716,84,82,105,419,existing,1174.547254623743,84,81,105,27,existing,1962.0881949145748
85,85,76,106,106,existing,0.0,85,76,106,197,allocated,698.223092475251,85,1,106,23,allocated,425.46062824624414,85,4,106,50,allocated,633.2788830187178,85,82,106,419,existing,1379.3342590801738,85,53,106,284,allocated,1037.845168175704,85,81,106,27,existing,2104.8287896281654
86,86,75,107,347,existing,108.0970078552643,86,75,107,197,allocated,560.6805035660806,86,4,107,50,allocated,495.7362941095474,86,1,107,23,allocated,563.0032171554145,86,82,107,419,existing,1241.7916701710035,86,53,107,284,allocated,900.3025792665336,86,81,107,27,existing,1967.286200718995
87,87,41,111,229,allocated,564.3838951051569,87,41,111,189,existing,512.6207305847922,87,82,111,419,existing,742.2108925936311,87,53,111,284,allocated,1046.7049197555016,87,1,111,23,allocated,1771.4897825906012,87,4,111,50,allocated,1596.6662297254065,87,81,111,27,existing,2190.442607651924
88,88,79,113,256,existing,324.1441584478665,88,79,113,311,existing,368.6384809605398,88,53,113,284,allocated,570.7030946192488,88,82,113,419,existing,608.6457810310955,88,1,113,23,allocated,1069.957112579607,88,4,113,50,allocated,1120.6644045891537,88,81,113,27,existing,1743.35202130657
89,89,78,115,419,existing,323.62735958339084,89,78,115,311,existing,448.159503300172,89,82,115,419,existing,323.62735958339084,89,53,115,284,allocated,628.1213867452611,89,1,115,23,allocated,1354.9755340273114,89,4,115,50,allocated,1178.082696715166,89,81,115,27,existing,1800.7703134325825
90,90,41,116,229,allocated,470.6532931948462,90,41,116,189,existing,418.8901286744817,90,82,116,419,existing,962.8727336043886,90,53,116,284,allocated,1237.0912672873656,90,4,116,50,allocated,1787.0525772572707,90,1,116,23,allocated,1736.3452852477237,90,81,116,27,existing,2409.740193974687
91,91,14,117,91,allocated,461.41866291308725,91,14,117,10,existing,430.79383990722783,91,1,117,23,allocated,241.31886225619132,91,4,117,50,allocated,325.8316334091268,91,82,117,419,existing,845.4035084458118,91,53,117,284,allocated,503.91441754134195,91,81,117,27,existing,1620.7483766340824
92,92,80,118,284,existing,482.8830368733908,92,80,118,10,existing,503.1224795590326,92,1,118,23,allocated,313.6475019079961,92,4,118,50,allocated,398.1602730609316,92,82,118,419,existing,824.3721277778607,92,53,118,284,allocated,482.8830368733908,92,81,118,27,existing,1599.7169959661312
93,93,41,120,229,allocated,494.34485690830184,93,41,120,189,existing,442.5816923879373,93,82,120,419,existing,812.2499307904861,93,53,120,284,allocated,1116.7439579523566,93,1,120,23,allocated,1720.407744275204,93,4,120,50,allocated,1666.7052679222616,93,81,120,27,existing,2260.481645848779
94,94,41,121,229,allocated,537.2573720907718,94,41,121,189,existing,485.4942075704073,94,82,121,419,existing,855.1624459729561,94,53,121,284,allocated,1159.6564731348265,94,1,121,23,allocated,1763.3202594576742,94,4,121,50,allocated,1709.6177831047314,94,81,121,27,existing,2303.394161031249
95,95,78,123,419,existing,236.81405590745896,95,78,123,56,allocated,247.17049529655054,95,82,123,419,existing,236.81405590745896,95,53,123,284,allocated,412.7355326860545,95,1,123,23,allocated,1157.9688124835877,95,4,123,50,allocated,962.6968426559595,95,81,123,27,existing,1579.4626783723245
96,96,74,124,252,existing,323.8485042186917,96,74,124,197,allocated,197.94426771989657,96,4,124,50,allocated,952.5196688334925,96,1,124,23,allocated,1031.0558736341475,96,82,124,419,existing,1698.5750448949486,96,53,124,284,allocated,1357.0859539904789,96,81,124,27,existing,1826.503292758214
97,97,76,126,106,existing,395.295455369194,97,76,126,260,allocated,494.98997462755534,97,1,126,23,allocated,630.541278050972,97,4,126,50,allocated,877.3377475220925,97,82,126,419,existing,1717.263648752975,97,53,126,284,allocated,1375.774557848505,97,81,126,27,existing,2492.6085169412454
98,98,14,127,91,allocated,609.1204662723769,98,14,127,260,allocated,251.09828699471046,98,1,127,23,allocated,874.4329656838167,98,4,127,50,allocated,1073.7466470396905,98,53,127,284,allocated,1572.1834573661033,98,82,127,419,existing,1913.672548270573,98,81,127,27,existing,2689.017416458844
99,99,14,128,91,allocated,448.4586481906989,99,14,128,260,allocated,463.43350436400294,99,1,128,23,allocated,828.5720578050771,99,4,128,50,allocated,913.0848289580125,99,53,128,284,allocated,1411.5216392844254,99,82,128,419,existing,1753.0107301888952,99,81,128,27,existing,2528.3555983771657
100,100,14,129,91,allocated,465.40165219355504,100,14,129,260,allocated,480.3765083668591,100,1,129,23,allocated,845.5150618079332,100,4,129,50,allocated,930.0278329608686,100,53,129,284,allocated,1428.4646432872814,100,82,129,419,existing,1769.9537341917512,100,81,129,27,existing,2545.2986023800217
101,101,75,130,347,existing,264.64646335653794,101,75,130,401,existing,450.03762080466817,101,4,130,50,allocated,339.1868386082737,101,1,130,23,allocated,585.9833080793942,101,82,130,419,existing,1085.24221466973,101,53,130,284,allocated,743.7531237652599,101,81,130,27,existing,1810.7367452177214
102,102,25,131,145,allocated,291.85958361399025,102,25,131,157,existing,507.3773464306767,102,53,131,284,allocated,464.7305397505003,102,82,131,419,existing,800.2978496539189,102,81,131,27,existing,928.0352814025919,102,4,131,50,allocated,802.8642800508972,102,1,131,23,allocated,1049.6607495220176
103,103,25,132,145,allocated,235.52790564263677,103,25,132,157,existing,451.0456684593232,103,53,132,284,allocated,408.39886177914684,103,82,132,419,existing,743.9661716825655,103,81,132,27,existing,871.7036034312384,103,4,132,50,allocated,746.5326020795436,103,1,132,23,allocated,993.3290715506641
104,104,76,133,106,existing,52.6085816733875,104,76,133,197,allocated,750.8316741486385,104,1,133,23,allocated,372.85204657285664,104,4,133,50,allocated,619.6485160439771,104,82,133,419,existing,1431.9428407535613,104,53,133,284,allocated,1090.4537498490915,104,81,133,27,existing,2157.437371301553
105,105,76,134,106,existing,149.88559129499475,105,76,134,401,existing,778.6173134316832,105,1,134,23,allocated,275.57503695124933,105,4,134,50,allocated,522.3715064223699,105,53,134,284,allocated,1020.8083167487825,105,82,134,419,existing,1362.2974076532525,105,81,134,27,existing,2137.642275841523
106,106,74,135,252,existing,626.7283489950305,106,74,135,197,allocated,542.3721468457952,106,4,135,50,allocated,1255.3995136098315,106,1,135,23,allocated,1333.9357184104863,106,53,135,284,allocated,1659.9657987668174,106,82,135,419,existing,2001.4548896712872,106,81,135,27,existing,2540.3039852918196
107,107,74,136,252,existing,533.4994930979686,107,74,136,197,allocated,449.14329094873335,107,4,136,50,allocated,1162.1706577127695,107,1,136,23,allocated,1240.7068625134243,107,53,136,284,allocated,1566.7369428697557,107,82,136,419,existing,1908.2260337742255,107,81,136,27,existing,2473.590851426844
108,108,41,137,229,allocated,420.6394342290954,108,41,137,311,existing,369.863285626231,108,82,137,419,existing,1141.6501485097938,108,53,137,284,allocated,1301.2472228009985,108,4,137,50,allocated,1717.797872192532,108,1,137,23,allocated,1633.2851010395966,108,81,137,27,existing,2473.89614948832
109,109,77,138,368,existing,188.9067847459687,109,77,138,277,existing,597.5589010080623,109,53,138,284,allocated,257.7356211060688,109,82,138,419,existing,382.0252398824357,109,1,138,23,allocated,1002.4626376082069,109,4,138,50,allocated,800.1192142720579,109,81,138,27,existing,1138.7993058564175
110,110,77,139,368,existing,161.1994078064824,110,77,139,277,existing,619.5574466497428,110,53,139,284,allocated,230.02824416658245,110,82,139,419,existing,354.31786294294943,110,4,139,50,allocated,772.4118373325715,110,1,139,23,allocated,974.7552606687207,110,81,139,27,existing,1166.5066827959038
111,111,25,140,145,allocated,108.1097341463392,111,25,140,277,existing,198.57083032163587,111,53,140,284,allocated,432.8376915173303,111,81,140,27,existing,739.8112351699909,111,82,140,419,existing,768.4050014207489,111,4,140,50,allocated,975.2212846833194,111,1,140,23,allocated,1177.5647080194685
112,112,25,141,145,allocated,211.78314354578453,112,25,141,277,existing,94.89742092219053,112,53,141,284,allocated,536.5111009167756,112,82,141,419,existing,800.5738733648813,112,4,141,50,allocated,1078.8946940827645,112,81,141,27,existing,842.8735108332273,112,1,141,23,allocated,1281.2381174189138
113,113,25,142,145,allocated,318.563118939947,113,25,142,277,existing,409.0242151152437,113,53,142,284,allocated,437.27857277392286,113,82,142,419,existing,704.0628312102501,113,4,142,50,allocated,979.6621659399119,113,81,142,27,existing,950.2646199635988,113,1,142,23,allocated,1182.005589276061
114,114,25,143,145,allocated,251.8116662224491,114,25,143,277,existing,342.27276239774574,114,53,143,284,allocated,370.52712005642496,114,82,143,419,existing,637.3113784927523,114,81,143,27,existing,883.5131672461009,114,4,143,50,allocated,912.910713222414,114,1,143,23,allocated,1115.2541365585632
115,115,25,144,145,allocated,25.410923342951374,115,25,144,277,existing,281.26964112502367,115,53,144,284,allocated,515.5365023207181,115,81,144,27,existing,657.1124243666032,115,4,144,50,allocated,1007.4714310651318,115,82,144,419,existing,851.1038122241367,115,1,144,23,allocated,1251.3024644446234
116,116,25,145,145,allocated,0.0,116,25,145,277,existing,306.68056446797505,116,53,145,284,allocated,540.9474256636695,116,81,145,27,existing,636.1756977886016,116,4,145,50,allocated,982.0605077221803,116,82,145,419,existing,876.5147355670881,116,1,145,23,allocated,1225.891541101672
117,117,25,146,145,allocated,185.64354454331647,117,25,146,277,existing,492.3241090112915,117,53,146,284,allocated,358.51450067982654,117,82,146,419,existing,694.0818105832451,117,81,146,27,existing,821.8192423319181,117,4,146,50,allocated,796.4169631788639,117,1,146,23,allocated,1040.2479965583557
118,118,41,148,229,allocated,405.5490535824574,118,41,148,189,existing,353.7858890620929,118,82,148,419,existing,1027.9769732167774,118,53,148,284,allocated,1302.1955068997545,118,4,148,50,allocated,1852.1568168696595,118,1,148,23,allocated,1801.4495248601124,118,81,148,27,existing,2474.844433587076
119,119,76,149,106,existing,105.47847542327898,119,76,149,197,allocated,783.0147095837797,119,1,149,23,allocated,345.3070133440794,119,4,149,50,allocated,592.1034828151999,119,82,149,419,existing,1432.0293840460824,119,53,149,284,allocated,1090.5402931416127,119,81,149,27,existing,2207.374252234353
120,120,76,150,106,existing,156.3329932697647,120,76,150,401,existing,776.1394243024854,120,1,150,23,allocated,273.09714782205157,120,4,150,50,allocated,519.893617293172,120,53,150,284,allocated,1018.3304276195847,120,82,150,419,existing,1359.8195185240545,120,81,150,27,existing,2135.1643867123253
121,121,80,151,284,existing,598.6701498116261,121,80,151,10,existing,618.9095924972679,121,1,151,23,allocated,429.4346148462314,121,4,151,50,allocated,513.9473859991668,121,82,151,419,existing,940.1592407160958,121,53,151,284,allocated,598.6701498116261,121,81,151,27,existing,1715.5041089043666
122,122,79,152,256,existing,546.5770743347568,122,79,152,10,existing,642.6311636833987,122,1,152,23,allocated,487.3204999783619,122,4,152,50,allocated,571.8332711312974,122,53,152,284,allocated,656.5560349437565,122,82,152,419,existing,998.0451258482263,122,81,152,27,existing,1773.389994036497
123,123,25,154,145,allocated,554.724712649544,123,25,154,277,existing,319.6195331858546,123,81,154,27,existing,893.1722890069681,123,53,154,284,allocated,951.0280550248206,123,4,154,50,allocated,1493.4116481908097,123,82,154,419,existing,1025.2959856285452,123,1,154,23,allocated,1695.7550715269588
124,124,25,155,145,allocated,396.90715731395807,124,25,155,277,existing,90.22659284598302,124,53,155,284,allocated,570.2164737787109,124,82,155,419,existing,615.4498595967077,124,4,155,50,allocated,1120.1777837486159,124,81,155,27,existing,927.2516337977728,124,1,155,23,allocated,1315.4497535762441
125,125,77,156,368,existing,78.92441597055908,125,77,156,277,existing,433.63358133566464,125,53,156,284,allocated,226.80948528902934,125,82,156,419,existing,272.0428711070261,125,1,156,23,allocated,972.0427650865626,125,4,156,50,allocated,776.7707952589343,125,81,156,27,existing,1270.6586222874546
126,126,25,157,145,allocated,686.57357410196,126,25,157,157,existing,0.0,126,4,157,50,allocated,600.9884691643051,126,1,157,23,allocated,847.7849386354256,126,82,157,419,existing,1195.0118401418886,126,53,157,284,allocated,859.4445302384701,126,81,157,27,existing,1321.457997802146
127,127,25,158,145,allocated,172.03788567606523,127,25,158,277,existing,326.53957891830055,127,81,158,27,existing,510.4854620334894,127,53,158,284,allocated,662.163464653832,127,4,158,50,allocated,1154.0983933982457,127,82,158,419,existing,997.7307745572506,127,1,158,23,allocated,1397.9294267777373
128,128,14,159,91,allocated,462.6696865903337,128,14,159,10,existing,477.12385738725624,128,1,159,23,allocated,194.98884477616292,128,4,159,50,allocated,279.5016159290985,128,82,159,419,existing,891.7335259258402,128,53,159,284,allocated,550.2444350213704,128,81,159,27,existing,1667.0783941141108
129,129,80,161,284,existing,227.23629028007582,129,80,161,401,existing,449.31650957035055,129,53,161,284,allocated,227.23629028007582,129,4,161,50,allocated,338.4657273739561,129,82,161,419,existing,568.7253811845457,129,1,161,23,allocated,517.9969895174575,129,81,161,27,existing,1344.0702493728163
130,130,25,163,145,allocated,228.98142896261405,130,25,163,277,existing,535.6619934305891,130,81,163,27,existing,407.1942688259876,130,53,163,284,allocated,769.9288546262836,130,4,163,50,allocated,1209.7506625963786,130,82,163,419,existing,1105.4961645297021,130,1,163,23,allocated,1454.8729700642862
131,131,14,164,91,allocated,256.48856061434833,131,14,164,10,existing,500.6882402523444,131,1,164,23,allocated,400.1865554780143,131,4,164,50,allocated,646.9830249491348,131,82,164,419,existing,1486.9089261800175,131,53,164,284,allocated,1145.4198352755475,131,81,164,27,existing,2262.2537943682883
132,132,14,165,91,allocated,202.44943377785938,132,14,165,10,existing,446.6491134158554,132,1,165,23,allocated,454.2256823145033,132,4,165,50,allocated,667.075614545173,132,53,165,284,allocated,1165.5124248715858,132,82,165,419,existing,1507.0015157760556,132,81,165,27,existing,2282.346383964326
133,133,79,166,256,existing,417.629483423436,133,79,166,311,existing,280.5748939696476,133,53,166,284,allocated,664.1884195948182,133,82,166,419,existing,702.1311060066648,133,1,166,23,allocated,996.2262978334159,133,4,166,50,allocated,1080.7390689863514,133,81,166,27,existing,1836.8373462821396
134,134,74,167,252,existing,291.0006476301534,134,74,167,197,allocated,230.79212430843484,134,4,167,50,allocated,919.6718122449543,134,1,167,23,allocated,998.2080170456093,134,82,167,419,existing,1665.7271883064102,134,53,167,284,allocated,1324.2380974019404,134,81,167,27,existing,1793.6554361696758
135,135,76,168,106,existing,174.3374140148729,135,76,168,401,existing,754.1654907118051,135,1,168,23,allocated,251.1232142313712,135,4,168,50,allocated,497.91968370249174,135,82,168,419,existing,1337.8455849333743,135,53,168,284,allocated,996.3564940289045,135,81,168,27,existing,2113.190453121645
136,136,41,169,229,allocated,251.33095030143676,136,41,169,311,existing,200.5548016985724,136,82,169,419,existing,972.3416645821353,136,53,169,284,allocated,1131.93873887334,136,1,169,23,allocated,1463.9766171119377,136,4,169,50,allocated,1548.4893882648732,136,81,169,27,existing,2304.5876655606617
137,137,41,170,229,allocated,213.29696951238213,137,41,170,189,existing,265.0601340327466,137,82,170,419,existing,1133.5906106634447,137,53,170,284,allocated,1293.1876849546495,137,1,170,23,allocated,1625.2255631932474,137,4,170,50,allocated,1709.738334346183,137,81,170,27,existing,2465.836611641971
138,138,74,171,252,existing,203.7263394828729,138,74,171,197,allocated,212.75001182316646,138,4,171,50,allocated,832.3975040976737,138,1,171,23,allocated,910.9337088983286,138,82,171,419,existing,1578.4528801591298,138,53,171,284,allocated,1236.96378925466,138,81,171,27,existing,2139.8226915792056
139,139,41,173,229,allocated,575.4971581169157,139,41,173,311,existing,524.7210095140514,139,53,173,284,allocated,922.4731598559839,139,82,173,419,existing,960.4158462678305,139,4,173,50,allocated,1339.023809247517,139,1,173,23,allocated,1254.5110380945816,139,81,173,27,existing,2095.122086543305
140,140,76,176,106,existing,454.63397440235235,140,76,176,260,allocated,554.3284936607137,140,1,176,23,allocated,571.2027590178136,140,4,176,50,allocated,817.9992284889341,140,53,176,284,allocated,1316.4360388153468,140,82,176,419,existing,1657.9251297198168,140,81,176,27,existing,2433.269997908087
141,141,14,177,91,allocated,438.85652561100494,141,14,177,10,existing,194.65684597300884,141,1,177,23,allocated,827.9071464583251,141,4,177,50,allocated,912.4199176112605,141,82,177,419,existing,1470.8541943260484,141,53,177,284,allocated,1129.3651034215786,141,81,177,27,existing,2246.199062514319
142,142,41,178,229,allocated,663.1329855659357,142,41,178,189,existing,714.8961500863002,142,53,178,284,allocated,1125.8829671654807,142,82,178,419,existing,1163.825653577327,142,4,178,50,allocated,1542.4336165570137,142,1,178,23,allocated,1457.9208454040781,142,81,178,27,existing,2298.531893852802
143,143,41,179,229,allocated,651.7261720115966,143,41,179,189,existing,703.4893365319612,143,53,179,284,allocated,1114.4761536111416,143,82,179,419,existing,1152.4188400229882,143,1,179,23,allocated,1446.5140318497392,143,4,179,50,allocated,1531.0268030026746,143,81,179,27,existing,2287.125080298463
144,144,14,180,91,allocated,867.6199058263571,144,14,180,260,allocated,176.883762931325,144,1,180,23,allocated,1173.476612120276,144,4,180,50,allocated,1332.2460865936705,144,82,180,419,existing,2172.1719878245535,144,53,180,284,allocated,1830.6828969200835,144,81,180,27,existing,2947.516856012824
145,145,14,181,91,allocated,795.0895162427464,145,14,181,260,allocated,104.35337334771441,145,1,181,23,allocated,1175.2029258571247,145,4,181,50,allocated,1259.71569701006,145,82,181,419,existing,2099.641598240943,145,53,181,284,allocated,1758.1525073364728,145,81,181,27,existing,2874.986466429213
146,146,78,182,419,existing,415.27529737495774,146,78,182,56,allocated,126.14880428324052,146,82,182,419,existing,415.27529737495774,146,53,182,284,allocated,587.6563214045201,146,1,182,23,allocated,1332.8896012020532,146,4,182,50,allocated,1137.617631374425,146,81,182,27,existing,1592.8012197432417
147,147,78,187,419,existing,140.9449116973067,147,78,187,56,allocated,395.02325452969313,147,82,187,419,existing,140.9449116973067,147,53,187,284,allocated,482.43400260177657,147,4,187,50,allocated,1032.3953125716816,147,1,187,23,allocated,1227.6672823993097,147,81,187,27,existing,1649.1611482880467
148,148,78,188,419,existing,32.465649930429024,148,78,188,56,allocated,503.50251629657083,148,82,188,419,existing,32.465649930429024,148,53,188,284,allocated,373.9547408348989,148,4,188,50,allocated,923.9160508048038,148,1,188,23,allocated,1119.188020632432,148,81,188,27,existing,1540.681886521169
149,149,41,189,229,allocated,51.76316452036447,149,41,189,189,existing,0.0,149,82,189,419,existing,1077.259319969536,149,53,189,284,allocated,1236.8563942607407,149,4,189,50,allocated,1653.4070436522738,149,1,189,23,allocated,1568.8942724993385,149,81,189,27,existing,2409.5053209480625
150,150,41,190,229,allocated,229.27262060769448,150,41,190,189,existing,177.50945608733,150,82,190,419,existing,1013.071137105536,150,53,190,284,allocated,1287.2896707885131,150,4,190,50,allocated,1830.916499739604,150,1,190,23,allocated,1746.4037285866684,150,81,190,27,existing,2459.9385974758347
151,151,41,191,229,allocated,676.420851014797,151,41,191,311,existing,724.5183255691127,151,53,191,284,allocated,1122.2704759110452,151,82,191,419,existing,1160.2131623228918,151,1,191,23,allocated,1454.3083541496428,151,4,191,50,allocated,1538.8211253025784,151,81,191,27,existing,2294.9194025983666
152,152,79,192,256,existing,278.3163646840093,152,79,192,311,existing,457.2403561393451,152,53,192,284,allocated,524.8753008553915,152,1,192,23,allocated,819.5608356637183,152,4,192,50,allocated,904.0736068166538,152,82,192,419,existing,859.0420579469838,152,81,192,27,existing,1697.5242275427127
153,153,79,193,256,existing,319.0324849349055,153,79,193,311,existing,416.5242358884489,153,53,193,284,allocated,565.5914211062877,153,82,193,419,existing,818.3259376960876,153,4,193,50,allocated,944.78972706755,153,1,193,23,allocated,860.2769559146145,153,81,193,27,existing,1738.240347793609
154,154,74,194,252,existing,585.6439051167549,154,74,194,197,allocated,249.2031368516827,154,4,194,50,allocated,1214.315069731556,154,1,194,23,allocated,1292.851274532211,154,82,194,419,existing,1960.3704457930116,154,53,194,284,allocated,1618.8813548885419,154,81,194,27,existing,2088.2986936562775
155,155,74,195,252,existing,569.4788184960584,155,74,195,197,allocated,153.002467190019,155,4,195,50,allocated,1198.1499831108592,155,1,195,23,allocated,1276.686187911514,155,53,195,284,allocated,1602.7162682678454,155,82,195,419,existing,1944.2053591723152,155,81,195,27,existing,2177.4500276681297
156,156,74,196,252,existing,501.93911085229075,156,74,196,197,allocated,85.4627595462514,156,4,196,50,allocated,1130.6102754670915,156,1,196,23,allocated,1209.1464802677465,156,82,196,419,existing,1876.6656515285474,156,53,196,284,allocated,1535.1765606240776,156,81,196,27,existing,2109.9103200243617
157,157,74,197,252,existing,416.47635130603936,157,74,197,197,allocated,0.0,157,4,197,50,allocated,1045.14751592084,157,1,197,23,allocated,1123.683720721495,157,82,197,419,existing,1791.2028919822963,157,53,197,284,allocated,1449.7138010778265,157,81,197,27,existing,2024.4475604781105
158,158,41,198,229,allocated,377.8393301892353,158,41,198,311,existing,398.4754700627444,158,82,198,419,existing,1170.2623329463072,158,53,198,284,allocated,1329.859407237512,158,4,198,50,allocated,1746.4100566290454,158,1,198,23,allocated,1661.8972854761098,158,81,198,27,existing,2502.5083339248336
159,159,41,199,229,allocated,305.6881954633704,159,41,199,189,existing,357.45135998373485,159,82,199,419,existing,1225.981836614433,159,53,199,284,allocated,1275.0199132829143,159,4,199,50,allocated,1683.900911525141,159,1,199,23,allocated,1599.3881403722057,159,81,199,27,existing,2447.668839970236
160,160,14,200,91,allocated,294.4187282693217,160,14,200,260,allocated,441.6487789890478,160,1,200,23,allocated,674.5321378836999,160,4,200,50,allocated,759.0449090366353,160,53,200,284,allocated,1257.4817193630481,160,82,200,419,existing,1598.970810267518,160,81,200,27,existing,2374.3156784557887
161,161,14,201,91,allocated,325.771591262872,161,14,201,10,existing,569.971270900868,161,1,201,23,allocated,705.8850008772501,161,4,201,50,allocated,790.3977720301856,161,82,201,419,existing,1630.323673261068,161,53,201,284,allocated,1288.8345823565983,161,81,201,27,existing,2405.6685414493386
162,162,14,202,91,allocated,412.71394095400615,162,14,202,260,allocated,518.0468360863435,162,1,202,23,allocated,792.8273505683843,162,4,202,50,allocated,877.3401217213197,162,53,202,284,allocated,1375.7769320477323,162,82,202,419,existing,1717.2660229522023,162,81,202,27,existing,2492.6108911404726
163,163,25,208,145,allocated,364.14511467503024,163,25,208,277,existing,670.8256791430052,163,81,208,27,existing,272.0305831135714,163,53,208,284,allocated,905.0925403386998,163,4,208,50,allocated,1344.9143483087948,163,82,208,419,existing,1240.6598502421184,163,1,208,23,allocated,1590.0366557767022
164,164,41,209,229,allocated,403.09324052235223,164,41,209,311,existing,149.3839479567436,164,82,209,419,existing,622.4029149268192,164,53,209,284,allocated,896.6214486097963,164,4,209,50,allocated,1446.5827585797012,164,1,209,23,allocated,1395.8754665701542,164,81,209,27,existing,2069.2703752971174
165,165,80,210,284,existing,535.2390959776543,165,80,210,401,existing,125.57299618864518,165,4,210,50,allocated,130.67281082066808,165,1,210,23,allocated,377.4692802917886,165,53,210,284,allocated,535.2390959776543,165,82,210,419,existing,876.7281868821242,165,81,210,27,existing,1486.2721206016981
166,166,14,212,91,allocated,404.13582140907687,166,14,212,10,existing,373.5109984032174,166,1,212,23,allocated,259.7393020820988,166,4,212,50,allocated,344.25207323503435,166,53,212,284,allocated,727.22580312168,166,82,212,419,existing,1068.7148940261498,166,81,212,27,existing,1844.0597622144205
167,167,76,213,106,existing,584.8977553197344,167,76,213,260,allocated,684.5922745780957,167,1,213,23,allocated,701.4665399351957,167,4,213,50,allocated,948.2630094063162,167,82,213,419,existing,1788.188910637199,167,53,213,284,allocated,1446.6998197327289,167,81,213,27,existing,2563.533778825469
168,168,14,214,91,allocated,656.5798241282309,168,14,214,10,existing,440.6949269964852,168,1,214,23,allocated,1036.693233742609,168,4,214,50,allocated,1121.2060048955445,168,82,214,419,existing,1616.1345260341645,168,53,214,284,allocated,1274.645435129695,168,81,214,27,existing,2403.6754663249963
169,169,14,215,91,allocated,609.2694387498013,169,14,215,10,existing,365.06975911180524,169,1,215,23,allocated,998.3200595971216,169,4,215,50,allocated,1082.832830750057,169,82,215,419,existing,1540.5093581494846,169,53,215,284,allocated,1199.020267245015,169,81,215,27,existing,2328.0502984403165
170,170,78,216,419,existing,784.3000358734068,170,78,216,56,allocated,495.1735427816896,170,82,216,419,existing,784.3000358734068,170,53,216,284,allocated,960.2215126520025,170,1,216,23,allocated,1705.4547924495357,170,4,216,50,allocated,1510.1828226219075,170,81,216,27,existing,2019.2655086958796
171,171,78,217,419,existing,82.78380706293717,171,78,217,56,allocated,401.20074414107233,171,82,217,419,existing,82.78380706293717,171,53,217,284,allocated,258.7052838415327,171,4,217,50,allocated,808.6665938114377,171,1,217,23,allocated,1003.9385636390659,171,81,217,27,existing,1425.432429527803
172,172,74,218,252,existing,477.85179191706646,172,74,218,197,allocated,417.6432685953479,172,4,218,50,allocated,1106.5229565318673,172,1,218,23,allocated,1185.0591613325223,172,81,218,27,existing,1606.8042918827628,172,53,218,284,allocated,1511.0892416888535,172,82,218,419,existing,1852.5783325933232
173,173,74,219,252,existing,379.6634437271508,173,74,219,197,allocated,319.4549204054322,173,4,219,50,allocated,1008.3346083419517,173,1,219,23,allocated,1086.8708131426065,173,53,219,284,allocated,1412.9008934989379,173,81,219,27,existing,1704.9926400726783,173,82,219,419,existing,1754.3899844034077
174,174,74,220,252,existing,459.3741270623816,174,74,220,197,allocated,399.16560374066296,174,4,220,50,allocated,876.414440135006,174,1,220,23,allocated,1123.2109096061265,174,53,220,284,allocated,1279.6296787678236,174,82,220,419,existing,1615.1969886712423,174,81,220,27,existing,1741.6431463315
175,175,74,222,252,existing,337.051426458151,175,74,222,197,allocated,453.7088042826998,175,4,222,50,allocated,965.7225910729519,175,1,222,23,allocated,1044.2587958736067,175,82,222,419,existing,1711.7779671344078,175,53,222,284,allocated,1370.288876229938,175,81,222,27,existing,2380.781484038739
176,176,76,223,106,existing,278.94695310486156,176,76,223,10,existing,763.1809834769183,176,1,223,23,allocated,349.25162039068704,176,4,223,50,allocated,596.0480898618075,176,53,223,284,allocated,1094.4849001882203,176,82,223,419,existing,1435.9739910926903,176,81,223,27,existing,2211.3188592809606
177,177,76,224,106,existing,529.1096971914063,177,76,224,260,allocated,628.8042164497676,177,1,224,23,allocated,645.6784818068676,177,4,224,50,allocated,892.4749512779881,177,82,224,419,existing,1732.400852508871,177,53,224,284,allocated,1390.911761604401,177,81,224,27,existing,2507.745720697141
178,178,14,225,91,allocated,569.927670513164,178,14,225,260,allocated,372.1259064497404,178,1,225,23,allocated,950.041080127542,178,4,225,50,allocated,1034.5538512804776,178,53,225,284,allocated,1532.9906616068904,178,82,225,419,existing,1874.4797525113602,178,81,225,27,existing,2649.824620699631
179,179,14,226,91,allocated,575.1219979104495,179,14,226,260,allocated,386.15334361295686,179,1,226,23,allocated,955.2354075248277,179,4,226,50,allocated,1039.7481786777632,179,82,226,419,existing,1879.6740799086458,179,53,226,284,allocated,1538.184989004176,179,81,226,27,existing,2655.018948096916
180,180,14,227,91,allocated,533.5886877662737,180,14,227,260,allocated,335.7869237028501,180,1,227,23,allocated,913.7020973806518,180,4,227,50,allocated,998.2148685335873,180,82,227,419,existing,1838.14076976447,180,53,227,284,allocated,1496.6516788600002,180,81,227,27,existing,2613.4856379527405
181,181,14,228,91,allocated,543.4596025077253,181,14,228,260,allocated,345.6578384443018,181,1,228,23,allocated,923.5730121221035,181,4,228,50,allocated,1008.0857832750389,181,53,228,284,allocated,1506.5225936014517,181,82,228,419,existing,1848.0116845059215,181,81,228,27,existing,2623.356552694192
182,182,41,229,229,allocated,0.0,182,41,229,189,existing,51.76316452036447,182,82,229,419,existing,1025.4961554491715,182,53,229,284,allocated,1185.0932297403763,182,1,229,23,allocated,1517.131107978974,182,4,229,50,allocated,1601.6438791319094,182,81,229,27,existing,2357.742156427698
183,183,41,230,229,allocated,119.96710769501114,183,41,230,189,existing,171.7302722153756,183,82,230,419,existing,1145.4632631441827,183,53,230,284,allocated,1305.0603374353873,183,1,230,23,allocated,1637.0982156739851,183,4,230,50,allocated,1721.6109868269205,183,81,230,27,existing,2477.709264122709
184,184,25,231,145,allocated,331.6244154587031,184,25,231,277,existing,422.0855116339997,184,53,231,284,allocated,450.33986929267894,184,82,231,419,existing,605.5315219891406,184,81,231,27,existing,963.3259164823548,184,4,231,50,allocated,992.723462458668,184,1,231,23,allocated,1195.0668857948172
185,185,74,232,252,existing,679.4674076892768,185,74,232,197,allocated,619.2588843675582,185,4,232,50,allocated,1158.2321976197122,185,1,232,23,allocated,1386.6747771047326,185,53,232,284,allocated,1553.684438958587,185,81,232,27,existing,1405.1886761105523,185,82,232,419,existing,1889.2517488620056
186,186,74,233,252,existing,564.8906578385918,186,74,233,197,allocated,504.68213451687325,186,4,233,50,allocated,1043.6554477690272,186,1,233,23,allocated,1272.0980272540476,186,53,233,284,allocated,1439.107689107902,186,81,233,27,existing,1519.7654259612373,186,82,233,419,existing,1774.6749990113206
187,187,78,234,419,existing,570.241576204861,187,78,234,56,allocated,86.25702500085147,187,82,234,419,existing,570.241576204861,187,53,234,284,allocated,746.1630529834565,187,4,234,50,allocated,1296.1243629533615,187,1,234,23,allocated,1491.3963327809897,187,81,234,27,existing,1805.2070490273336
188,188,78,236,419,existing,599.6574421277086,188,78,236,56,allocated,115.67289092369907,188,82,236,419,existing,599.6574421277086,188,53,236,284,allocated,775.5789189063041,188,4,236,50,allocated,1325.540228876209,188,1,236,23,allocated,1520.8121987038373,188,81,236,27,existing,1834.6229149501814
189,189,78,237,419,existing,647.9204285365754,189,78,237,56,allocated,163.93587733256592,189,82,237,419,existing,647.9204285365754,189,53,237,284,allocated,823.841905315171,189,1,237,23,allocated,1569.0751851127043,189,4,237,50,allocated,1373.803215285076,189,81,237,27,existing,1882.8859013590481
190,190,78,238,419,existing,670.5049328763241,190,78,238,56,allocated,186.52038167231456,190,82,238,419,existing,670.5049328763241,190,53,238,284,allocated,846.4264096549196,190,4,238,50,allocated,1396.3877196248245,190,1,238,23,allocated,1591.6596894524528,190,81,238,27,existing,1905.4704056987969
191,191,41,239,229,allocated,518.6437980113483,191,41,239,311,existing,264.93450544573966,191,82,239,419,existing,647.2505484391714,191,53,239,284,allocated,951.7445756010419,191,4,239,50,allocated,1501.705885570947,191,1,239,23,allocated,1511.4260240591504,191,81,239,27,existing,2124.3935022883634
192,192,74,240,252,existing,642.3950948197016,192,74,240,197,allocated,305.9543265546294,192,4,240,50,allocated,1271.0662594345026,192,1,240,23,allocated,1349.6024642351576,192,82,240,419,existing,2017.1216354959586,192,53,240,284,allocated,1675.6325445914888,192,81,240,27,existing,2145.049883359224
193,193,74,241,252,existing,672.6414839208819,193,74,241,197,allocated,357.5963253807367,193,4,241,50,allocated,1301.312648535683,193,1,241,23,allocated,1379.8488533363377,193,82,241,419,existing,2047.3680245971389,193,53,241,284,allocated,1705.878933692669,193,81,241,27,existing,2175.296272460404
194,194,41,242,229,allocated,419.0586140006541,194,41,242,311,existing,368.2824653977898,194,53,242,284,allocated,766.0346157397223,194,82,242,419,existing,803.9773021515689,194,4,242,50,allocated,1182.5852651312553,194,1,242,23,allocated,1098.07249397832,194,81,242,27,existing,1938.6835424270434
195,195,74,244,252,existing,367.78891094500364,195,74,244,197,allocated,48.68744036103572,195,4,244,50,allocated,996.4600755598044,195,1,244,23,allocated,1074.9962803604594,195,82,244,419,existing,1742.5154516212604,195,53,244,284,allocated,1401.0263607167906,195,81,244,27,existing,1975.7601201170748
196,196,74,245,252,existing,253.62649296192734,196,74,245,197,allocated,162.84985834411202,196,4,245,50,allocated,882.2976575767282,196,1,245,23,allocated,960.8338623773832,196,82,245,419,existing,1628.3530336381843,196,53,245,284,allocated,1286.8639427337146,196,81,245,27,existing,2089.922538100151
197,197,25,246,145,allocated,324.63788361508074,197,25,246,157,existing,361.93569048687925,197,53,246,284,allocated,497.5088397515908,197,4,246,50,allocated,657.4226241070996,197,82,246,419,existing,833.0761496550094,197,1,246,23,allocated,904.21909357822,197,81,246,27,existing,960.8135814036823
198,198,79,247,256,existing,503.7003562958648,198,79,247,10,existing,599.7544456445066,198,1,247,23,allocated,530.1972180172538,198,4,247,50,allocated,614.7099891701893,198,53,247,284,allocated,675.8492145485823,198,82,247,419,existing,1017.3383054530522,198,81,247,27,existing,1792.6831736413228
199,199,79,248,256,existing,555.0213460385493,199,79,248,10,existing,651.075435387191,199,1,248,23,allocated,581.5182077599383,199,4,248,50,allocated,666.0309789128737,199,82,248,419,existing,1068.6592951957366,199,53,248,284,allocated,727.1702042912667,199,81,248,27,existing,1844.0041633840074
200,200,14,249,91,allocated,319.76741997771455,200,14,249,10,existing,563.9670996157106,200,1,249,23,allocated,699.8808295920927,200,4,249,50,allocated,784.3936007450282,200,53,249,284,allocated,1282.830411071441,200,82,249,419,existing,1624.3195019759107,200,81,249,27,existing,2399.6643701641815
201,201,74,252,252,existing,0.0,201,74,252,197,allocated,416.47635130603936,201,4,252,50,allocated,628.6711646148008,201,1,252,23,allocated,707.2073694154558,201,82,252,419,existing,1374.726540676257,201,53,252,284,allocated,1033.2374497717872,201,81,252,27,existing,2047.0702121544782
202,202,74,253,252,existing,262.3298794128716,202,74,253,401,existing,424.0412083285534,202,4,253,50,allocated,366.3412852019292,202,1,253,23,allocated,613.1377546730498,202,82,253,419,existing,1112.3966612633853,202,53,253,284,allocated,770.9075703589155,202,81,253,27,existing,1784.7403327416064
203,203,14,254,91,allocated,447.4904796542614,203,14,254,260,allocated,652.9403339060171,203,1,254,23,allocated,472.5909187725101,203,4,254,50,allocated,719.3873882436307,203,82,254,419,existing,1559.3132894745133,203,53,254,284,allocated,1217.8241985700433,203,81,254,27,existing,2334.658157662784
204,204,14,255,91,allocated,361.73823807923105,204,14,255,10,existing,605.937917717227,204,1,255,23,allocated,386.8386771974798,204,4,255,50,allocated,633.6351466686003,204,82,255,419,existing,1473.561047899483,204,53,255,284,allocated,1132.0719569950131,204,81,255,27,existing,2248.9059160877537
205,205,41,257,229,allocated,679.5929482570946,205,41,257,56,allocated,551.1415885857964,205,82,257,419,existing,797.9649749877765,205,53,257,284,allocated,1016.1895584561092,205,4,257,50,allocated,1566.1508684260143,205,1,257,23,allocated,1761.4228382536426,205,81,257,27,existing,2075.2335544999864
206,206,25,258,145,allocated,575.7141500148357,206,25,258,157,existing,567.4236574847,206,81,258,27,existing,754.034340317446,206,4,258,50,allocated,862.9105911049203,206,1,258,23,allocated,1109.7070605760407,206,53,258,284,allocated,1116.6615756785052,206,82,258,419,existing,1452.2288855819236
207,207,25,259,145,allocated,465.7120294665766,207,25,259,157,existing,457.421536936441,207,4,259,50,allocated,752.9084705566613,207,81,259,27,existing,864.0364608657051,207,1,259,23,allocated,999.7049400277817,207,53,259,284,allocated,1006.6594551302461,207,82,259,419,existing,1342.2267650336646
208,208,14,260,91,allocated,736.0675072583696,208,14,260,260,allocated,0.0,208,1,260,23,allocated,1116.1809168727477,208,4,260,50,allocated,1200.693688025683,208,82,260,419,existing,2040.6195892565659,208,53,260,284,allocated,1699.130498352096,208,81,260,27,existing,2815.9644574448366
209,209,41,261,229,allocated,307.36949021301183,209,41,261,311,existing,301.65303129740585,209,82,261,419,existing,805.2835709786979,209,53,261,284,allocated,1079.5021046616748,209,4,261,50,allocated,1629.46341463158,209,1,261,23,allocated,1565.0748467107712,209,81,261,27,existing,2252.151031348996
210,210,25,262,145,allocated,539.4686275846421,210,25,262,277,existing,232.78806311666716,210,53,262,284,allocated,864.1965849556332,210,82,262,419,existing,938.4645155593579,210,81,262,27,existing,980.0037590761556,210,4,262,50,allocated,1406.5801781216223,210,1,262,23,allocated,1608.9236014577714
211,211,25,263,145,allocated,555.4641056786736,211,25,263,277,existing,248.78354121069862,211,53,263,284,allocated,880.1920630496646,211,82,263,419,existing,954.4599936533893,211,81,263,27,existing,995.999237170187,211,4,263,50,allocated,1422.575656215654,211,1,263,23,allocated,1624.919079551803
212,212,41,264,229,allocated,337.7245614157019,212,41,264,311,existing,286.9484128128375,212,82,264,419,existing,1058.7352756964003,212,53,264,284,allocated,1218.332349987605,212,4,264,50,allocated,1634.8829993791383,212,1,264,23,allocated,1550.370228226203,212,81,264,27,existing,2390.981276674927
213,213,14,265,91,allocated,547.044843268018,213,14,265,260,allocated,189.0226639903516,213,1,265,23,allocated,927.1582528823961,213,4,265,50,allocated,1011.6710240353316,213,82,265,419,existing,1851.5969252662142,213,53,265,284,allocated,1510.1078343617444,213,81,265,27,existing,2626.941793454485
214,214,74,268,252,existing,598.5420085681083,214,74,268,197,allocated,384.10077547859373,214,4,268,50,allocated,1227.2131731829093,214,1,268,23,allocated,1305.749377983564,214,82,268,419,existing,1973.2685492443652,214,53,268,284,allocated,1631.7794583398954,214,81,268,27,existing,2408.5483359567042
215,215,78,270,419,existing,872.7338894011106,215,78,270,56,allocated,583.6073963093933,215,82,270,419,existing,872.7338894011106,215,53,270,284,allocated,1046.3521763884103,215,4,270,50,allocated,1596.3134863583155,215,1,270,23,allocated,1791.5854561859437,215,81,270,27,existing,2029.5480092887037
216,216,41,271,229,allocated,565.0500984286039,216,41,271,189,existing,513.2869339082393,216,82,271,419,existing,882.9551723107882,216,53,271,284,allocated,1187.4491994726586,216,1,271,23,allocated,1791.1129857955061,216,4,271,50,allocated,1737.4105094425636,216,81,271,27,existing,2331.186887369081
217,217,79,272,256,existing,246.32655166670486,217,79,272,311,existing,489.23016915664954,217,53,272,284,allocated,492.8854878380871,217,1,272,23,allocated,787.5710226464139,217,82,272,419,existing,834.374578742557,217,4,272,50,allocated,872.0837937993493,217,81,272,27,existing,1665.5344145254085
218,218,25,278,145,allocated,335.96147179340164,218,25,278,277,existing,29.280907325426604,218,53,278,284,allocated,631.1621592992674,218,82,278,419,existing,676.3955451172642,218,4,278,50,allocated,1181.1234692691723,218,81,278,27,existing,866.3059482772164,218,1,278,23,allocated,1376.3954390968006
219,219,80,281,284,existing,498.4422078258256,219,80,281,10,existing,518.6816505114675,219,1,281,23,allocated,329.20667286043096,219,4,281,50,allocated,413.7194440133665,219,53,281,284,allocated,498.4422078258256,219,82,281,419,existing,839.9312987302955,219,81,281,27,existing,1615.276166918566
220,220,14,282,91,allocated,406.55423119314685,220,14,282,401,existing,479.6319675412248,220,1,282,23,allocated,138.87338937897607,220,4,282,50,allocated,223.3861605319116,220,82,282,419,existing,947.848981323027,220,53,282,284,allocated,606.3598904185571,220,81,282,27,existing,1723.1938495112977
221,221,14,283,91,allocated,299.5961405030983,221,14,283,10,existing,543.7958201410943,221,1,283,23,allocated,484.01144988248166,221,4,283,50,allocated,730.8079193536022,221,82,283,419,existing,1570.7338205844846,221,53,283,284,allocated,1229.2447296800149,221,81,283,27,existing,2346.0786887727554
222,222,79,285,256,existing,270.85871047982096,222,79,285,10,existing,470.54976295458164,222,53,285,284,allocated,517.4176466512032,222,1,285,23,allocated,763.0388638332978,222,82,285,419,existing,858.9067375556731,222,4,285,50,allocated,847.5516349862332,222,81,285,27,existing,1646.4476778465048
223,223,79,286,256,existing,429.22597704122506,223,79,286,10,existing,312.1824963931775,223,53,286,284,allocated,675.7849132126073,223,1,286,23,allocated,921.4061303947019,223,82,286,419,existing,1017.2740041170772,223,4,286,50,allocated,1005.9189015476375,223,81,286,27,existing,1804.814944407909
224,224,14,287,91,allocated,476.6261737330891,224,14,287,260,allocated,484.6491677903173,224,1,287,23,allocated,856.7395833474673,224,4,287,50,allocated,941.2523545004027,224,53,287,284,allocated,1439.6891648268156,224,82,287,419,existing,1781.1782557312854,224,81,287,27,existing,2556.523123919556
225,225,14,288,91,allocated,699.1122279053062,225,14,288,260,allocated,200.33066168515464,225,1,288,23,allocated,1079.2256375196844,225,4,288,50,allocated,1163.7384086726197,225,82,288,419,existing,2003.6643099035027,225,53,288,284,allocated,1662.1752189990327,225,81,288,27,existing,2779.009178091773
226,226,25,289,145,allocated,381.03394707050023,226,25,289,157,existing,418.33175394229875,226,53,289,284,allocated,553.9049032070103,226,4,289,50,allocated,713.8186875625191,226,82,289,419,existing,889.4722131104289,226,1,289,23,allocated,960.6151570336397,226,81,289,27,existing,1017.2096448591018
227,227,77,290,368,existing,249.64538722639315,227,77,290,277,existing,536.8202985276379,227,53,290,284,allocated,318.4742235864932,227,82,290,419,existing,442.76384236286015,227,4,290,50,allocated,860.8578167524822,227,1,290,23,allocated,1063.2012400886315,227,81,290,27,existing,1078.060703375993
228,228,77,291,368,existing,306.37245529461313,228,77,291,277,existing,593.5473665958579,228,53,291,284,allocated,375.2012916547132,228,82,291,419,existing,499.4909104310801,228,4,291,50,allocated,917.5848848207022,228,1,291,23,allocated,1119.9283081568515,228,81,291,27,existing,1134.787771444213
229,229,25,292,145,allocated,388.95981404168333,229,25,292,277,existing,479.42091021697996,229,53,292,284,allocated,507.6752678756592,229,82,292,419,existing,662.8669205721209,229,4,292,50,allocated,1050.0588610416482,229,81,292,27,existing,1020.6613150653351,229,1,292,23,allocated,1252.4022843777975
230,230,41,293,229,allocated,437.1630776394436,230,41,293,189,existing,385.3999131190791,230,82,293,419,existing,1092.6227565457357,230,53,293,284,allocated,1366.8412902287128,230,1,293,23,allocated,1852.414032277809,230,4,293,50,allocated,1916.8026001986177,230,81,293,27,existing,2539.490216916034
231,231,41,294,229,allocated,366.1801202648763,231,41,294,189,existing,314.41695574451177,231,82,294,419,existing,1021.6397991711682,231,53,294,284,allocated,1295.8583328541454,231,4,294,50,allocated,1845.8196428240503,231,1,294,23,allocated,1781.4310749032416,231,81,294,27,existing,2468.5072595414667
232,232,79,295,256,existing,433.26389048382237,232,79,295,10,existing,529.3179798324642,232,1,295,23,allocated,600.6336838292964,232,53,295,284,allocated,605.4127487365398,232,82,295,419,existing,946.9018396410097,232,4,295,50,allocated,685.1464549822317,232,81,295,27,existing,1722.2467078292805
233,233,79,296,256,existing,361.4936103188324,233,79,296,10,existing,457.5476996674742,233,53,296,284,allocated,533.6424685715498,233,1,296,23,allocated,672.4039639942863,233,82,296,419,existing,875.1315594760197,233,4,296,50,allocated,756.9167351472217,233,81,296,27,existing,1650.4764276642904
234,234,41,297,229,allocated,561.0037340343055,234,41,297,311,existing,510.2275854314411,234,53,297,284,allocated,907.9797357733736,234,82,297,419,existing,945.9224221852203,234,4,297,50,allocated,1324.5303851649069,234,1,297,23,allocated,1240.0176140119713,234,81,297,27,existing,2080.628662460695
235,235,25,298,145,allocated,697.626246492977,235,25,298,277,existing,390.94568202500193,235,82,298,419,existing,869.9151391337089,235,53,298,284,allocated,1022.354203863968,235,81,298,27,existing,1138.1613779844904,235,4,298,50,allocated,1564.7377970299572,235,1,298,23,allocated,1767.0812203661062
236,236,41,300,229,allocated,405.064175740924,236,41,300,311,existing,234.56991848071007,236,82,300,419,existing,707.5888854507857,236,53,300,284,allocated,981.8074191337628,236,1,300,23,allocated,1481.0614370941207,236,4,300,50,allocated,1531.7687291036677,236,81,300,27,existing,2154.456345821084
237,237,41,301,229,allocated,558.9790635733699,237,41,301,189,existing,610.7422280937344,237,53,301,284,allocated,1021.7290451729149,237,82,301,419,existing,1059.6717315847613,237,1,301,23,allocated,1353.7669234115124,237,4,301,50,allocated,1438.279694564448,237,81,301,27,existing,2194.3779718602364
238,238,74,302,252,existing,423.41322701108516,238,74,302,197,allocated,179.0688507557523,238,4,302,50,allocated,1052.0843916258862,238,1,302,23,allocated,1130.620596426541,238,53,302,284,allocated,1456.6506767828723,238,82,302,419,existing,1798.139767687342,238,81,302,27,existing,1926.0680155506075
239,239,74,303,252,existing,383.06857409696056,239,74,303,197,allocated,138.72419784162767,239,4,303,50,allocated,1011.7397387117614,239,1,303,23,allocated,1090.2759435124162,239,82,303,419,existing,1757.7951147732174,239,53,303,284,allocated,1416.3060238687476,239,81,303,27,existing,1885.7233626364828
240,240,41,304,229,allocated,293.44203940346927,240,41,304,189,existing,241.67887488310475,240,82,304,419,existing,948.9017183097612,240,53,304,284,allocated,1223.1202519927383,240,1,304,23,allocated,1708.6929940418347,240,4,304,50,allocated,1773.0815619626433,240,81,304,27,existing,2395.7691786800597
241,241,74,305,252,existing,296.98240923290143,241,74,305,197,allocated,313.15795191767575,241,4,305,50,allocated,925.6535738477023,241,1,305,23,allocated,1004.1897786483572,241,53,305,284,allocated,1330.2198590046885,241,82,305,419,existing,1671.7089499091583,241,81,305,27,existing,2240.230631673715
242,242,14,306,91,allocated,159.8677550093537,242,14,306,10,existing,404.0674346473497,242,1,306,23,allocated,539.9811646237318,242,4,306,50,allocated,624.4939357766673,242,82,306,419,existing,1464.4198370075499,242,53,306,284,allocated,1122.93074610308,242,81,306,27,existing,2239.76470519582
243,243,14,307,91,allocated,240.57545399160537,243,14,307,10,existing,484.77513362960144,243,1,307,23,allocated,620.6888636059836,243,4,307,50,allocated,705.201634758919,243,53,307,284,allocated,1203.6384450853318,243,82,307,419,existing,1545.1275359898016,243,81,307,27,existing,2320.472404178072
244,244,74,309,252,existing,532.8168078620618,244,74,309,197,allocated,288.4724316067289,244,4,309,50,allocated,1161.4879724768628,244,1,309,23,allocated,1240.0241772775175,244,53,309,284,allocated,1566.054257633849,244,82,309,419,existing,1907.5433485383187,244,81,309,27,existing,2035.471596401584
245,245,14,310,91,allocated,367.14056895672127,245,14,310,260,allocated,532.3023206337397,245,1,310,23,allocated,747.2539785710994,245,4,310,50,allocated,831.7667497240349,245,82,310,419,existing,1671.6926509549173,245,53,310,284,allocated,1330.2035600504475,245,81,310,27,existing,2447.037519143188
246,246,41,312,229,allocated,270.0564803493921,246,41,312,311,existing,16.34718778378343,246,82,312,419,existing,788.1340506673463,246,53,312,284,allocated,928.4161257806824,246,1,312,23,allocated,1260.45400401928,246,4,312,50,allocated,1344.9667751722154,246,81,312,27,existing,2101.0650524680036
247,247,78,313,419,existing,677.2667301367692,247,78,313,56,allocated,388.140237045052,247,82,313,419,existing,677.2667301367692,247,53,313,284,allocated,849.6477541663317,247,1,313,23,allocated,1594.8810339638649,247,4,313,50,allocated,1399.6090641362366,247,81,313,27,existing,1664.3781986342303
248,248,78,314,419,existing,638.5461515643893,248,78,314,56,allocated,349.41965847267215,248,82,314,419,existing,638.5461515643893,248,53,314,284,allocated,810.9271755939518,248,1,314,23,allocated,1556.160455391485,248,4,314,50,allocated,1360.8884855638566,248,81,314,27,existing,1625.6576200618504
249,249,78,315,419,existing,510.48252431036923,249,78,315,56,allocated,221.35603121865202,249,82,315,419,existing,510.48252431036923,249,53,315,284,allocated,682.8635483399316,249,1,315,23,allocated,1428.0968281374649,249,4,315,50,allocated,1232.8248583098366,249,81,315,27,existing,1497.5939928078303
250,250,41,318,229,allocated,456.8185544969216,250,41,318,189,existing,405.0553899765571,250,82,318,419,existing,909.4088902204888,250,53,318,284,allocated,1183.6274239034658,250,4,318,50,allocated,1733.588733873371,250,1,318,23,allocated,1682.881441863824,250,81,318,27,existing,2356.2763505907874
251,251,41,319,229,allocated,652.4295812229408,251,41,319,10,existing,647.7764539413953,251,53,319,284,allocated,957.9612198043085,251,1,319,23,allocated,1252.6467546126353,251,4,319,50,allocated,1337.1595257655708,251,82,319,419,existing,1287.790741609845,251,81,319,27,existing,2130.6101464916296
252,252,14,320,91,allocated,432.8259873942036,252,14,320,260,allocated,466.6169021962573,252,1,320,23,allocated,812.9393970085818,252,4,320,50,allocated,897.4521681615172,252,82,320,419,existing,1737.3780693923998,252,53,320,284,allocated,1395.88897848793,252,81,320,27,existing,2512.7229375806705
253,253,25,323,145,allocated,507.63837963800853,253,25,323,277,existing,200.95781517003348,253,53,323,284,allocated,680.9476961027615,253,82,323,419,existing,726.1810819207583,253,4,323,50,allocated,1230.9090060726664,253,81,323,27,existing,1037.9828561218233,253,1,323,23,allocated,1426.1809759002947
254,254,25,324,145,allocated,758.1502509965794,254,25,324,277,existing,451.46968652860437,254,82,324,419,existing,761.0255894505799,254,53,324,284,allocated,931.4595674613324,254,4,324,50,allocated,1481.4208774312374,254,81,324,27,existing,1247.0509276676196,254,1,324,23,allocated,1676.6928472588656
255,255,41,325,229,allocated,680.8181839609683,255,41,325,10,existing,619.3878512033677,255,53,325,284,allocated,983.9845658727338,255,1,325,23,allocated,1229.6057830548284,255,82,325,419,existing,1316.1793443478728,255,4,325,50,allocated,1314.118554207764,255,81,325,27,existing,2113.0145970680355
256,256,79,326,256,existing,613.3815975660174,256,79,326,10,existing,657.4167275682587,256,1,326,23,allocated,467.9417499172222,256,4,326,50,allocated,552.4545210701576,256,82,326,419,existing,978.6663757870866,256,53,326,284,allocated,637.1772848826167,256,81,326,27,existing,1754.0112439753573
257,257,79,327,256,existing,470.655061588585,257,79,327,10,existing,566.7091509372267,257,1,327,23,allocated,563.2425127245338,257,53,327,284,allocated,642.8039198413024,257,4,327,50,allocated,647.7552838774692,257,82,327,419,existing,984.2930107457723,257,81,327,27,existing,1759.6378789340429
258,258,77,329,368,existing,293.4509763635411,258,77,329,277,existing,493.01470939048994,258,53,329,284,allocated,362.27981272364116,258,82,329,419,existing,486.5694315000081,258,4,329,50,allocated,904.6634058896301,258,81,329,27,existing,1034.255114238845,258,1,329,23,allocated,1107.0068292257793
259,259,14,332,91,allocated,586.8258014658552,259,14,332,260,allocated,782.8896717200752,259,1,332,23,allocated,611.926240584104,259,4,332,50,allocated,858.7227100552245,259,53,332,284,allocated,1357.1595203816373,259,82,332,419,existing,1698.648611286107,259,81,332,27,existing,2473.9934794743776
260,260,14,333,91,allocated,575.3317218138292,260,14,333,260,allocated,780.781576065585,260,1,333,23,allocated,600.432160932078,260,4,333,50,allocated,847.2286304031985,260,53,333,284,allocated,1345.6654407296114,260,82,333,419,existing,1687.1545316340812,260,81,333,27,existing,2462.4993998223517
261,261,79,334,256,existing,823.108653991798,261,79,334,10,existing,603.0020055521268,261,53,334,284,allocated,1069.6675901631802,261,1,334,23,allocated,1236.252306037443,261,4,334,50,allocated,1320.7650771903786,261,82,334,419,existing,1411.15668106765,261,81,334,27,existing,2198.6976213584817
262,262,14,335,91,allocated,554.4215273034221,262,14,335,260,allocated,356.61976323999846,262,1,335,23,allocated,934.5349369178002,262,4,335,50,allocated,1019.0477080707357,262,82,335,419,existing,1858.9736093016184,262,53,335,284,allocated,1517.4845183971486,262,81,335,27,existing,2634.3184774898887
263,263,78,336,419,existing,614.8084055618458,263,78,336,56,allocated,130.82385435783624,263,82,336,419,existing,614.8084055618458,263,53,336,284,allocated,790.7298823404413,263,4,336,50,allocated,1340.6911923103462,263,1,336,23,allocated,1535.9631621379745,263,81,336,27,existing,1849.7738783843183
264,264,78,337,419,existing,716.6437208037694,264,78,337,56,allocated,232.65916959975985,264,82,337,419,existing,716.6437208037694,264,53,337,284,allocated,892.5651975823649,264,1,337,23,allocated,1637.798477379898,264,4,337,50,allocated,1442.5265075522698,264,81,337,27,existing,1951.609193626242
265,265,78,338,419,existing,641.096931586676,265,78,338,56,allocated,157.11238038266652,265,82,338,419,existing,641.096931586676,265,53,338,284,allocated,817.0184083652715,265,4,338,50,allocated,1366.9797183351766,265,1,338,23,allocated,1562.2516881628048,265,81,338,27,existing,1876.0624044091487
266,266,74,340,252,existing,625.6213883886714,266,74,340,197,allocated,209.14503708263203,266,4,340,50,allocated,1254.2925530034722,266,1,340,23,allocated,1332.8287578041272,266,82,340,419,existing,2000.3479290649282,266,53,340,284,allocated,1658.8588381604584,266,81,340,27,existing,2233.5925975607424
267,267,79,341,256,existing,400.84414256572154,267,79,341,311,existing,496.50697999471606,267,53,341,284,allocated,647.4030787371038,267,82,341,419,existing,736.5142800652716,267,1,341,23,allocated,942.0886135454306,267,4,341,50,allocated,1026.601384698366,267,81,341,27,existing,1820.052005424425
268,268,14,342,91,allocated,408.0936400129068,268,14,342,10,existing,352.4383915420835,268,53,342,284,allocated,638.7517766969405,268,1,342,23,allocated,777.513272119677,268,4,342,50,allocated,862.0260432726125,268,82,342,419,existing,980.2408676014104,268,81,342,27,existing,1755.5857357896812
269,269,41,346,229,allocated,349.76133002897666,269,41,346,311,existing,96.05203746336801,269,82,346,419,existing,675.7348254201949,269,53,346,284,allocated,843.2895381164207,269,1,346,23,allocated,1342.5435560767787,269,4,346,50,allocated,1393.2508480863257,269,81,346,27,existing,2015.938464803742
270,270,25,348,145,allocated,450.8160205988344,270,25,348,157,existing,442.5255280686988,270,4,348,50,allocated,738.0124616889191,270,81,348,27,existing,878.9324697334473,270,53,348,284,allocated,991.7634462625039,270,1,348,23,allocated,984.8089311600395,270,82,348,419,existing,1327.3307561659224
271,271,78,350,419,existing,844.4151009673193,271,78,350,56,allocated,555.288607875602,271,82,350,419,existing,844.4151009673193,271,53,350,284,allocated,1016.7961249968816,271,4,350,50,allocated,1566.7574349667866,271,1,350,23,allocated,1762.0294047944149,271,81,350,27,existing,1831.52656946478
272,272,78,351,419,existing,947.3007436682811,272,78,351,56,allocated,658.174250576564,272,82,351,419,existing,947.3007436682811,272,53,351,284,allocated,1119.6817676978435,272,1,351,23,allocated,1864.9150474953767,272,4,351,50,allocated,1669.6430776677485,272,81,351,27,existing,1934.412212165742
273,273,74,352,252,existing,790.9935546370223,273,74,352,197,allocated,730.7850313153037,273,4,352,50,allocated,1263.6725913372313,273,81,352,27,existing,1293.6625291628068,273,1,352,23,allocated,1498.200924052478,273,53,352,284,allocated,1658.8343700231226,273,82,352,419,existing,1994.401679926541
274,274,25,353,145,allocated,1184.658333246069,274,25,353,157,existing,872.504730434573,274,81,353,27,existing,1094.1566068298723,274,4,353,50,allocated,1330.4439802238473,274,1,353,23,allocated,1577.240449694968,274,53,353,284,allocated,1725.6057589097386,274,82,353,419,existing,2061.173068813157
275,275,25,354,145,allocated,1129.1850929709888,275,25,354,157,existing,817.0314901594927,275,81,354,27,existing,1038.683366554792,275,4,354,50,allocated,1274.970739948767,275,53,354,284,allocated,1670.1325186346583,275,1,354,23,allocated,1521.7672094198876,275,82,354,419,existing,2005.6998285380766
276,276,78,357,419,existing,922.8066937116045,276,78,357,56,allocated,633.6802006198872,276,82,357,419,existing,922.8066937116045,276,53,357,284,allocated,1096.4249806989042,276,4,357,50,allocated,1646.3862906688091,276,1,357,23,allocated,1841.6582604964374,276,81,357,27,existing,1979.4752049782098
277,277,79,359,256,existing,314.1617854904339,277,79,359,10,existing,504.8795244958727,277,53,359,284,allocated,486.31064374315133,277,1,359,23,allocated,719.7357888226849,277,82,359,419,existing,827.7997346476212,277,4,359,50,allocated,804.2485599756203,277,81,359,27,existing,1603.1446028358919
278,278,25,362,145,allocated,486.1543290008387,278,25,362,277,existing,179.47376453286364,278,53,362,284,allocated,810.8822863718297,278,82,362,419,existing,885.1502169755544,278,81,362,27,existing,1016.4988054846535,278,4,362,50,allocated,1353.2658795378188,278,1,362,23,allocated,1555.6093028739679
279,279,78,364,419,existing,765.5110510849081,279,78,364,56,allocated,476.38455799319087,279,82,364,419,existing,765.5110510849081,279,53,364,284,allocated,937.8920751144705,279,1,364,23,allocated,1683.1253549120038,279,4,364,50,allocated,1487.8533850843755,279,81,364,27,existing,1752.622519582369
280,280,25,365,145,allocated,1210.7558123364631,280,25,365,157,existing,898.6022095249672,280,81,365,27,existing,1120.2540859202666,280,4,365,50,allocated,1356.5414593142414,280,1,365,23,allocated,1603.337928785362,280,53,365,284,allocated,1751.7032380001326,280,82,365,419,existing,2087.2705479035512
281,281,25,366,145,allocated,843.4617622519092,281,25,366,277,existing,1049.186709423674,281,81,366,27,existing,572.2189989545843,281,53,366,284,allocated,1384.409187915579,281,4,366,50,allocated,1824.230995885674,281,82,366,419,existing,1719.9764978189976,281,1,366,23,allocated,2069.3533033535814
282,282,25,367,145,allocated,556.3569035380584,282,25,367,277,existing,762.0818507098234,282,81,367,27,existing,285.1141402407335,282,53,367,284,allocated,1097.304329201728,282,4,367,50,allocated,1537.126137171823,282,82,367,419,existing,1432.8716391051466,282,1,367,23,allocated,1782.2484446397305
283,283,41,371,229,allocated,177.381134565036,283,41,371,189,existing,229.14429908540046,283,82,371,419,existing,1202.8772900142076,283,53,371,284,allocated,1362.474364305412,283,4,371,50,allocated,1779.0250136969453,283,1,371,23,allocated,1694.51224254401,283,81,371,27,existing,2535.123290992734
284,284,41,374,229,allocated,386.6139893918024,284,41,374,311,existing,132.90469682619377,284,82,374,419,existing,638.8821660573691,284,53,374,284,allocated,880.1421974792464,284,1,374,23,allocated,1379.3962154396045,284,4,374,50,allocated,1430.1035074491515,284,81,374,27,existing,2052.791124166568
285,285,25,381,145,allocated,452.7225779599642,285,25,381,277,existing,610.9655023954799,285,81,381,27,existing,226.05953855630995,285,53,381,284,allocated,946.5893881310113,285,82,381,419,existing,1282.15669803443,285,4,381,50,allocated,1433.491811593729,285,1,381,23,allocated,1678.6141190616363
286,286,14,386,91,allocated,452.64795733759814,286,14,386,260,allocated,446.79493225286274,286,1,386,23,allocated,832.7613669519762,286,4,386,50,allocated,917.2741381049117,286,82,386,419,existing,1757.2000393357946,286,53,386,284,allocated,1415.7109484313246,286,81,386,27,existing,2532.544907524065
287,287,74,393,252,existing,402.50897321744674,287,74,393,197,allocated,342.30044989572815,287,4,393,50,allocated,970.7221614996347,287,1,393,23,allocated,1109.7163426329025,287,82,393,419,existing,1709.504710035871,287,53,393,284,allocated,1373.9374001324525,287,81,393,27,existing,1835.9508676961286
288,288,77,394,368,existing,316.4173812304954,288,77,394,277,existing,515.9811142574442,288,53,394,284,allocated,385.24621759059545,288,82,394,419,existing,509.53583636696237,288,81,394,27,existing,1057.2215191057994,288,4,394,50,allocated,927.6298107565844,288,1,394,23,allocated,1129.9732340927337
289,289,25,395,145,allocated,420.5025903210649,289,25,395,277,existing,510.9636864963615,289,53,395,284,allocated,539.2180441550407,289,82,395,419,existing,694.4096968515023,289,81,395,27,existing,1052.2040913447167,289,4,395,50,allocated,1081.6016373210298,289,1,395,23,allocated,1283.945060657179
290,290,25,396,145,allocated,343.85427524006843,290,25,396,277,existing,434.3153714153651,290,53,396,284,allocated,420.979150698766,290,82,396,419,existing,545.2687694751329,290,81,396,27,existing,975.5557762637202,290,4,396,50,allocated,963.362743864755,290,1,396,23,allocated,1165.7061672009042
291,291,41,397,229,allocated,745.7886385258512,291,41,397,56,allocated,484.9458983170398,291,82,397,419,existing,774.0723914087571,291,53,397,284,allocated,949.9938681873526,291,4,397,50,allocated,1499.9551781572575,291,1,397,23,allocated,1695.2271479848857,291,81,397,27,existing,2009.0378642312298
292,292,78,398,419,existing,658.7145779323517,292,78,398,56,allocated,369.58808484063445,292,82,398,419,existing,658.7145779323517,292,53,398,284,allocated,834.6360547109473,292,1,398,23,allocated,1579.8693345084805,292,4,398,50,allocated,1384.5973646808523,292,81,398,27,existing,1893.6800507548246
293,293,41,399,229,allocated,548.7626225105408,293,41,399,311,existing,497.98647390767655,293,53,399,284,allocated,895.738624249609,293,82,399,419,existing,933.6813106614557,293,4,399,50,allocated,1312.2892736411422,293,1,399,23,allocated,1227.7765024882067,293,81,399,27,existing,2068.3875509369304
294,294,14,400,91,allocated,130.30579234778952,294,14,400,10,existing,374.50547198578556,294,1,400,23,allocated,510.4192019621677,294,4,400,50,allocated,594.9319731151031,294,53,400,284,allocated,1093.368783441516,294,82,400,419,existing,1434.8578743459857,294,81,400,27,existing,2210.2027425342562
295,295,14,402,91,allocated,442.1314252128487,295,14,402,10,existing,197.93174557485264,295,1,402,23,allocated,831.1820460601689,295,4,402,50,allocated,915.6948172131043,295,82,402,419,existing,1348.0122769440968,295,53,402,284,allocated,1006.5231860396271,295,81,402,27,existing,2135.5532172349285
296,296,14,403,91,allocated,94.26030140489411,296,14,403,10,existing,338.45998104289015,296,1,403,23,allocated,524.22484153725,296,4,403,50,allocated,608.7376126901854,296,82,403,419,existing,1212.561869954005,296,53,403,284,allocated,871.072779049535,296,81,403,27,existing,1987.9067381422756
297,297,74,404,252,existing,624.8367610330739,297,74,404,197,allocated,380.4923847777411,297,4,404,50,allocated,1253.507925647875,297,1,404,23,allocated,1332.0441304485298,297,53,404,284,allocated,1658.0742108048612,297,82,404,419,existing,1999.563301709331,297,81,404,27,existing,2127.4915495725963
298,298,14,405,91,allocated,467.53008582459574,298,14,405,10,existing,223.3304061865997,298,1,405,23,allocated,856.5807066719159,298,4,405,50,allocated,941.0934778248513,298,82,405,419,existing,1499.5277545396393,298,53,405,284,allocated,1158.0386636351695,298,81,405,27,existing,2274.87262272791
299,299,14,406,91,allocated,524.4903302093105,299,14,406,10,existing,280.29065057131436,299,1,406,23,allocated,913.5409510566307,299,4,406,50,allocated,998.0537222095661,299,53,406,284,allocated,1114.2411587045242,299,82,406,419,existing,1455.7302496089937,299,81,406,27,existing,2243.2711898998255
300,300,74,407,252,existing,677.0756503644044,300,74,407,197,allocated,340.6348820993321,300,4,407,50,allocated,1305.7468149792053,300,1,407,23,allocated,1384.2830197798603,300,82,407,419,existing,2051.802191040661,300,53,407,284,allocated,1710.3131001361915,300,81,407,27,existing,2179.730438903927
301,301,25,408,145,allocated,660.8694517229312,301,25,408,157,existing,652.5789591927955,301,4,408,50,allocated,948.0658928130158,301,81,408,27,existing,1059.1938831220598,301,53,408,284,allocated,1201.8168773866005,301,1,408,23,allocated,1194.8623622841362,301,82,408,419,existing,1537.384187290019
302,302,74,409,252,existing,874.2258567185992,302,74,409,197,allocated,814.0173333968806,302,4,409,50,allocated,1352.9906466490347,302,1,409,23,allocated,1581.433226134055,302,81,409,27,existing,1599.9471251398747,302,53,409,284,allocated,1748.4428879879094,302,82,409,419,existing,2084.010197891328
303,303,74,410,252,existing,409.3615288450189,303,74,410,197,allocated,349.1530055233003,303,4,410,50,allocated,1038.0326934598197,303,1,410,23,allocated,1116.5688982604747,303,53,410,284,allocated,1442.5989786168059,303,81,410,27,existing,1734.6907251905463,303,82,410,419,existing,1784.0880695212757
304,304,14,411,91,allocated,565.1635288847966,304,14,411,260,allocated,770.6133831365524,304,1,411,23,allocated,590.2639680030454,304,4,411,50,allocated,837.060437474166,304,53,411,284,allocated,1335.4972478005789,304,82,411,419,existing,1676.9863387050486,304,81,411,27,existing,2452.331206893319
305,305,14,412,91,allocated,521.7592192773443,305,14,412,260,allocated,727.2090735291001,305,1,412,23,allocated,546.8596583955931,305,4,412,50,allocated,793.6561278667136,305,82,412,419,existing,1633.5820290975962,305,53,412,284,allocated,1292.0929381931264,305,81,412,27,existing,2408.9268972858667
306,306,14,413,91,allocated,466.93463566089656,306,14,413,260,allocated,269.132871597473,306,1,413,23,allocated,847.0480452752747,306,4,413,50,allocated,931.5608164282102,306,53,413,284,allocated,1429.997626754623,306,82,413,419,existing,1771.4867176590928,306,81,413,27,existing,2546.8315858473634
307,307,14,414,91,allocated,563.8005313323551,307,14,414,260,allocated,397.47481019105123,307,1,414,23,allocated,943.9139409467333,307,4,414,50,allocated,1028.4267120996687,307,82,414,419,existing,1868.3526133305513,307,53,414,284,allocated,1526.8635224260815,307,81,414,27,existing,2643.697481518822
308,308,78,415,419,existing,608.3725037736391,308,78,415,56,allocated,124.38795256962959,308,82,415,419,existing,608.3725037736391,308,53,415,284,allocated,784.2939805522346,308,4,415,50,allocated,1334.2552905221396,308,1,415,23,allocated,1529.5272603497679,308,81,415,27,existing,1843.3379765961117
309,309,74,416,252,existing,486.08179039308163,309,74,416,197,allocated,241.73741413774877,309,4,416,50,allocated,1114.7529550078825,309,1,416,23,allocated,1193.2891598085375,309,53,416,284,allocated,1519.3192401648687,309,82,416,419,existing,1860.8083310693385,309,81,416,27,existing,1988.736578932604
310,310,74,417,252,existing,758.5387422336743,310,74,417,197,allocated,569.3980352485809,310,4,417,50,allocated,1387.2099068484752,310,1,417,23,allocated,1465.74611164913,310,82,417,419,existing,2133.265282909931,310,53,417,284,allocated,1791.7761920054613,310,81,417,27,existing,2408.4935920531757
311,311,25,418,145,allocated,715.2649812321768,311,25,418,277,existing,408.5844167642017,311,82,418,419,existing,852.2764043945091,311,53,418,284,allocated,1022.7103824052616,311,81,418,27,existing,1155.8001127236903,311,4,418,50,allocated,1572.6716923751665,311,1,418,23,allocated,1767.9436622027947
312,312,78,419,419,existing,0.0,312,78,419,56,allocated,483.9845512040095,312,82,419,419,existing,0.0,312,53,419,284,allocated,341.4890909044699,312,1,419,23,allocated,1086.722370702003,312,4,419,50,allocated,891.4504008743748,312,81,419,27,existing,1508.21623659074
313,313,14,420,91,allocated,245.7195682774091,313,14,420,10,existing,489.91924791540515,313,1,420,23,allocated,537.8880221081708,313,4,420,50,allocated,710.3457490447227,313,82,420,419,existing,1550.2716502756052,313,53,420,284,allocated,1208.7825593711354,313,81,420,27,existing,2325.6165184638758
314,314,25,421,145,allocated,346.9074759317007,314,25,421,277,existing,437.3685721069973,314,53,421,284,allocated,465.62292976567653,314,82,421,419,existing,732.4071882020039,314,4,421,50,allocated,1008.0065229316656,314,81,421,27,existing,978.6089769553524,314,1,421,23,allocated,1210.3499462678146
315,315,14,422,91,allocated,265.9701345278674,315,14,422,10,existing,510.16981416586344,315,1,422,23,allocated,517.7463830645113,315,4,422,50,allocated,730.5963152951811,315,82,422,419,existing,1570.5222165260636,315,53,422,284,allocated,1229.0331256215939,315,81,422,27,existing,2345.867084714334
316,316,76,423,106,existing,465.84635313170145,316,76,423,10,existing,745.0853581584824,316,1,423,23,allocated,331.5191403954115,316,4,423,50,allocated,578.315609866532,316,53,423,284,allocated,1076.7524201929448,316,82,423,419,existing,1418.2415110974146,316,81,423,27,existing,2193.5863792856853
317,317,77,424,368,existing,250.78278117816149,317,77,424,277,existing,659.4348974402551,317,53,424,284,allocated,319.61161753826156,317,82,424,419,existing,443.9012363146285,317,4,424,50,allocated,861.9952107042507,317,1,424,23,allocated,1064.3386340403997,317,81,424,27,existing,1200.67530228861
318,318,74,425,252,existing,675.377667975194,318,74,425,197,allocated,591.0214658259587,318,4,425,50,allocated,1304.0488325899948,318,1,425,23,allocated,1382.5850373906496,318,82,425,419,existing,2050.104208651451,318,53,425,284,allocated,1708.615117746981,318,81,425,27,existing,2491.654666311656
