,dist_grocery,dist_school,dist_healthcare,0_dist_restaurant,1_dist_restaurant
0,554.629878698989,668.9798975886247,818.5674199196133,840.4546881066937,1470.3765544512485
1,493.6301258043151,730.6540047685332,611.5597813574564,891.9139523877161,912.4323791961256
2,524.5529320935628,701.600473692277,642.4825876467041,881.5095729068778,922.8367586769639
3,651.2902200781691,548.3089256339244,861.6814662847581,968.4278483795615,1537.4794397757512
4,426.8144316223465,793.649314224442,553.5354230536196,286.5682940553802,351.7849460662956
5,508.23484586151517,673.6515030867544,620.342131097265,406.5661051930679,471.78275720398335
6,555.0564046138884,259.1874363556987,791.898749500659,824.6713826298767,889.8880346407921
7,502.7759038358338,206.9069355776441,739.6182487226044,772.3908818518221,837.6075338627375
8,493.1692789281422,628.9463957738208,707.6658373286302,1345.2011953986676,1862.230605997013
9,612.111879766715,747.8889966123936,826.608438167203,1464.1437962372404,1981.173206835586
10,596.8933422035045,318.33521452473667,844.4644311373,788.6499675343296,844.2693162634813
11,522.1780360226957,520.3404538294992,650.4432966871493,650.2481818133306,885.8222632232342
12,408.5365708892186,586.3557069225644,927.2402557031467,1525.9864121422183,1603.0382291941396
13,280.0722579227483,714.8200198890347,798.7759427366764,1474.5739162276693,1524.260519454451
14,458.80762570562376,419.45488682224845,977.5113105195519,1359.0855920419026,1653.3092840105448
15,463.68032146852664,531.2119563432564,982.3840062824547,1470.8426615629105,1658.1819797734477
16,620.5976191818534,454.9562462039245,1139.3013039957814,1815.0992774867743,1864.785880713556
17,494.8268112859156,580.7270540998622,1013.5304960998436,1689.3284695908364,1739.0150728176181
18,339.2958129630879,524.326663935743,227.18852772733806,339.2958129630879,856.3252235614332
19,255.78494942622223,607.8375274726086,143.6776641904724,255.78494942622223,772.8143600245676
20,544.20308269933,517.1997883842257,653.7585024176341,854.0475411169275,934.1126734478938
21,622.6724094583806,595.6691151432761,732.2278291766846,775.5782143578772,1012.5820002069443
22,179.24639126041194,919.1337057368982,291.35367649616177,179.24639126041194,337.7830193379334
23,329.4556982395163,768.9243987577938,441.56298347526615,329.4556982395163,487.99232631703774
24,757.1651727230922,774.4827383170386,940.7869003772043,689.6611098034107,1176.1658669132892
25,666.3598841037251,683.6774496976717,849.9816117578373,598.8558211840437,1085.3605782939221
26,511.8071268951591,813.3780447753065,511.8071268951591,996.35295009839,1513.3823606967353
27,441.825857028467,743.3967749086144,441.825857028467,926.3716802316978,1443.4010908300434
28,648.9036058864691,818.2263272975484,717.891859047021,482.51289251093596,1583.3078236454853
29,585.8056640392385,864.3637917180064,654.7939171997904,419.41495066370544,1586.3359978114104
30,76.74638736764547,191.0964062572811,445.910858893703,667.2268770125193,992.493063119905
31,468.9053531150141,571.6725826940092,586.8350086681554,867.1891796984152,946.7885549778273
32,520.3240742076968,581.3524290519181,638.253729760838,918.2001817846199,918.6079007910978
33,722.338922472371,615.5739269839814,874.8697014225818,867.5678853313447,1179.349660100985
34,739.003520613337,548.9046506985854,941.5389777079779,934.2371616167408,1112.6803838155888
35,920.3616849368613,870.5802019241565,989.3499380974131,753.970971561328,1644.6254783159782
36,826.6839579320241,776.9024749193193,895.6722110925759,660.2932445564909,1719.0520880971399
37,140.83983351747494,137.71829416129285,567.975425384385,332.5964588483,1249.5951640565495
38,315.6017973269984,312.4802579708163,742.7373891939085,507.3584226578235,1074.833200247026
39,802.9590825231871,775.9557882080828,912.5145022414912,595.2915412930705,1192.868673271751
40,315.01618153291327,450.7932983785919,665.7475612458085,1167.0480980034388,1684.0775086017843
41,384.2320304353923,520.0091472810709,598.7285888358803,1236.2639469059177,1753.2933575042632
42,332.22636046995143,468.00347731563,648.5373823087704,1184.258276940477,1701.2876875388224
43,391.41643811109816,527.1935549567768,589.3473046676236,1243.4483545816238,1760.477765179969
44,590.8173918554647,660.4729995833459,850.054155963978,876.6422012631693,1506.5640676077242
45,621.3355358802978,629.9548555585127,819.5360119391448,907.1603452880025,1495.333985430138
46,134.82685685094128,841.2575815984063,246.9341420866911,134.82685685094128,594.0747040975408
47,114.09505266756501,861.9893857817826,226.20233790331483,114.09505266756501,573.3428999141646
48,991.439511160815,1125.1982291089632,1119.7047718252684,1119.5096569514499,1321.2770293488045
49,921.7246050954056,1055.4833230435538,1049.9898657598592,1049.7947508860404,1251.562123283395
50,865.9393517890733,999.6980697372215,994.2046124535268,994.0094975797081,1195.7768699770627
51,771.59487178677,824.421046192764,1030.8316358952834,857.8385012170718,1687.3415475390293
52,702.9925348487935,755.8187092547876,962.2292989573068,789.2361642790953,1618.739210601053
53,566.1997380762325,298.356944451306,442.54640820562145,1094.5508783783707,1118.3443816966146
54,718.4738428634254,526.7873761079518,1332.4695760617044,1942.311846213908,2008.2675495526973
55,681.9132946741307,490.2268279186572,1290.8980212264814,1905.7512980246133,1966.6959947174742
56,769.7972942766075,501.954500651681,646.1439644059965,1233.040478064252,1321.9419378969897
57,687.6211591117715,419.77836548684485,563.9678292411603,1215.9722994139097,1239.7658027321534
58,613.1938496863866,345.35105606146,489.54051981577544,1141.5449899885248,1165.3384933067687
59,462.57538874656143,617.3226496956569,1859.2414412053602,1748.297045792443,2535.039414696353
60,425.55517839133324,561.3322952370119,623.8903367000696,1108.4361599033004,1625.4655705016457
61,35.26430728740536,263.9139504167862,144.8197270057094,425.1738980359691,506.30613142795886
62,429.64382508864605,697.287466809147,429.64382508864605,1413.542266433994,1930.5716770323393
63,776.9420432655156,634.5763471272569,901.5418392173124,666.1628726812274,1399.6578434751939
64,723.0397002677678,744.0902329162498,792.0279534283195,556.6489868922346,1509.1717292641865
65,367.0210938353613,709.8935341417576,579.7039819554661,1255.501955446459,1305.1885586732408
66,277.0969100243967,689.3316267029678,484.84078936232623,1160.6387628533193,1210.325366080101
67,281.66438870954914,384.4316182885442,399.59404426269055,679.9482152929502,759.5475905723624
68,320.40118105894607,293.3978867438417,429.9566007772501,710.3107718075098,791.4430051994996
69,719.7627457188062,564.0069921732198,708.1964559275352,1170.9879865427133,1383.9944294185284
70,654.0118188033947,581.6921793762633,773.9473828429467,1105.2370596273017,1449.7453563339398
71,119.60634697219163,1394.6605902293757,101.42908741564732,536.3373069595751,1654.079735234341
72,389.84247972816024,525.6195965738389,738.8529209408523,850.960206176602,1367.9896167749475
73,295.8792584078592,431.6563752535378,832.8161422611533,944.9234274969031,1461.9528380952484
74,1177.119739810259,1173.998200454077,1582.4179910769603,1368.8763651410843,1582.2228762031416
75,573.9110221007556,470.929727656511,939.0606642621716,1045.807046356975,1614.8586377531647
76,416.7309599873835,858.3232832698004,434.9082195439278,0.0,1117.7424282747659
77,497.23015340857063,736.036442600232,573.6315933855707,138.72337384164288,1256.4658021164087
78,335.7209670242636,248.10374141712467,760.1012427853093,524.7222762492244,1691.6433233969292
79,292.94278661771676,205.32556101057787,717.3230623787626,481.94409584267765,1648.8651429903825
80,398.7403438371779,483.38675063535334,286.63305860142805,398.7403438371779,915.7697544355232
81,365.041530192631,733.3385668046791,477.14881542838083,365.041530192631,523.5781582701525
82,384.2219324834684,724.023326142703,496.3292177192182,384.2219324834684,542.7585605609898
83,228.9386771204122,476.7914067207322,222.74229678152224,88.6925395534459,153.90919156436127
84,295.0174352608981,405.6192170847563,151.57010714554642,159.86472918942172,225.08138120033712
85,160.55715203377582,133.55385771867148,270.1125717520799,550.4667427823396,631.5989761743293
86,207.41738600209797,86.69362375034936,316.972805720402,597.3269767506617,678.4592101426515
87,336.5101671170914,200.7330502714128,550.7821413916681,662.889426627418,1179.9188372257634
88,115.98090334083543,251.75802018651402,778.2741584225156,890.3814436582654,1407.4108542566107
89,492.6345575706366,564.6130187685578,313.9734960631449,392.18238708202176,923.8334227574912
90,565.060927271213,637.0393884691342,386.3998657637214,319.75601738144536,996.2597924580676
91,414.3593050735541,278.58218822787546,571.1512359290846,683.2585211648344,1200.2879317631796
92,359.2906844493995,223.51356760372093,626.2198565532392,738.3271417889889,1255.3565523873342
93,299.86067462035135,164.08355777467276,598.4828037076348,710.5900889433847,1227.61949954173
94,412.1583377535318,704.3825218708687,412.1583377535318,1420.6373214957155,1937.666732094061
95,400.44533502579037,536.2224518714689,580.3184077529314,1252.4772514963158,1769.5066620946614
96,360.44822111161085,496.2253379572894,681.1805259699977,1112.1863846870945,1629.21579528544
97,287.8141907258634,423.59130757154196,753.8145563557451,1138.771761711353,1655.8011723096984
98,375.34674822077295,802.0591157065141,375.34674822077295,806.3526069378697,1323.382017536215
99,449.96726548186155,727.4385984454256,449.96726548186155,880.9731241989583,1398.0025347973037
100,421.07334881517033,285.29623196949177,499.8542390677201,611.9615243034699,1128.9909349018153
101,368.4003447058504,343.683008576496,558.2410156747243,670.3483009104741,1187.3777115088194
102,720.636142428018,578.2704462897594,957.84774005481,722.4687735187249,1343.3519426376963
103,629.9524048706893,487.5867087324307,908.8101333035613,813.1525110760538,1252.6682050803674
104,218.85196459861217,757.2324738507353,330.95924983436197,218.85196459861217,678.0998118452117
105,265.6473356237348,710.4371028256128,377.75462085948465,265.6473356237348,724.8951828703343
106,255.34074416611628,65.2418742513648,534.1984725989884,697.5641195650077,926.5824178455782
107,573.8313412140723,472.72614712986945,528.4793156131497,469.65767293335114,534.8743249442665
108,519.367739852431,418.26254576822816,474.0157142515084,426.0148728794206,491.23152489033595
109,500.3968614156562,392.00018173741887,470.1625677888628,441.13460994507835,506.3512619559938
110,389.5176003833129,288.4124062991101,359.28330675651955,390.0270267984675,455.2436788093829
111,430.44508675787534,566.2222036035539,611.1836603237332,1042.18951904083,1559.2189296391753
112,548.4884348589276,412.711318013249,605.5450221313442,598.243206040107,1057.4910532867066
113,572.2427098878444,572.2320787145122,765.0657828326074,757.7639667413703,1217.0118139879696
114,473.51881347804067,337.7416966323621,432.27811260441933,544.3853978401692,1061.4148084385145
115,1005.6097717048322,1005.457964139744,1286.1926693806317,1278.8908532893945,1303.6341591946925
116,1133.1625207656284,1133.01071320054,1411.4603766699815,1176.0814101338965,1406.4436023501908
117,437.0107071251736,604.6663934634089,444.3125232164108,437.0107071251736,896.2585543717731
118,567.0609171190711,431.2838002733924,617.6951164064272,610.3933003151901,1069.6411475617897
119,598.7243365081488,456.3586403698902,877.5820649410209,787.635480871019,1253.9748419952352
120,623.7165027081058,481.3508065698473,875.5625968172247,640.1836302811398,1343.4432733237913
121,472.15493038498136,763.8369678043064,479.4567464762185,472.15493038498136,708.9571300404311
122,411.3184683008498,703.0005057201749,418.62028439208694,411.3184683008498,769.7935921245628
123,547.2334499055565,404.86775376729787,826.0911783384286,871.6610727510196,1169.9492501152347
124,815.780123323687,728.1628977165481,1240.160399084733,1004.7814325486479,1863.4727447498872
125,543.8495068885594,456.2322812814205,968.2297826496052,732.8508161135203,1899.771863261225
126,170.62964890101955,306.40676574669817,1057.9219574097792,1170.029242645529,1618.343341683944
127,219.21066977114444,354.98778661682303,1106.502978279904,1218.610263515654,1569.762320813819
128,466.4817198860355,631.8983771112746,578.5890051217852,448.3192311685476,466.4817198860355
129,561.6837670106866,520.9461906195004,576.6993591027806,421.43762944372025,486.6542814546357
130,0.0,190.09886991475148,278.85772843287214,497.95687360312616,920.2542718053725
131,294.50139489168464,562.3441885166112,730.887314297117,295.9790947531892,1087.4103556457108
132,127.65846103321297,396.7602901755415,257.625629543204,524.5927585414435,605.5416628960262
133,540.0659523325459,654.4159712221815,655.9796724675825,221.07145292365473,1338.8138811984206
134,745.1421975015278,859.4922163911635,953.3569339353415,518.4487143914138,1636.1911426661795
135,686.650366166836,575.7707981643746,1205.354050980764,1881.152024471757,1930.8386276985386
136,484.9691704087532,594.928868033465,1836.8476595431684,1770.6908274546347,2512.6456330341616
137,561.9445576263747,609.9936517222691,736.5797663129738,336.68448855724944,971.9587328490587
138,494.88786536972145,628.6465833178697,669.5230740563206,269.62779630059623,904.9020405924056
139,336.4981522495042,194.13245611124557,615.3558806823762,615.5856922201338,1056.22492286519
140,247.80020074063594,105.43450460237736,526.657929173508,526.8877407112655,967.5269713563216
141,1201.8970237976807,1152.115540784976,1270.8852769582327,1035.5063104221476,1547.0187020619396
142,1079.266578791965,1029.48509577926,1148.2548319525167,912.8758654164317,1650.6473329053924
143,732.7702469842593,596.9931301385807,783.4044462716155,776.1026301803784,940.2075244793449
144,785.9315235745989,662.7028392519236,849.1141553849584,785.9315235745989,874.497815366002
145,0.0,278.5581276787678,427.13559186691003,191.75662533082507,1366.286462223827
146,796.9086702502489,747.127187237544,865.8969234108006,630.5179568747157,1748.827375778915
147,607.5805164068896,417.48164649213817,886.4382448397618,897.6782073973995,962.8948594083149
148,582.5961335722218,392.49726365747034,861.4538620050939,983.4803380231356,1003.0666101358888
149,384.2583577239073,296.6411321167684,808.6386334849531,573.2596669488681,1740.180714096573
150,624.4544357077077,804.0445541376195,631.7562517989448,624.4544357077077,982.9295595314206
151,616.6832264356741,784.3389127739094,623.9850425269113,616.6832264356741,1002.6352008951308
152,456.154091997853,160.28512373966333,692.9964368846238,725.7690700138414,790.9857220247568
153,367.5689643345787,177.47009441982726,646.4266927674508,809.7923397334702,814.3541976771157
154,400.6735845197146,515.0236034093502,664.6111257403388,642.2918456943183,1316.4202602719743
155,345.7121154064076,460.0621342960432,609.6496566270318,697.2533148076253,1261.458791158667
156,343.55797303348714,334.62958131409465,200.11064491813545,244.82343860991898,310.04009062083435
157,307.4454494360137,385.2683821455444,273.7008756694422,318.4136693612257,383.6303213721411
158,214.8815434759189,113.77634939171612,418.93496375324423,451.70759688246187,516.9242488933772
159,125.41748007905215,203.2404127885829,329.4709003563775,500.4416387181872,565.6582907291026
160,436.28772937504874,550.6377482646844,700.2252705956729,606.6777008389843,1352.0344051273082
161,388.83142348364584,385.70988412746374,815.9670153505558,580.5880488144709,1148.0628264036736
162,461.4166683652191,458.295129009037,888.5522602321291,653.1732936960442,1220.6480712852467
163,937.5393063619974,887.7578233492927,1006.5275595225493,771.1485929864643,1608.1967396671664
164,888.2982664064468,838.5167833937421,957.2865195669988,721.9075530309137,1657.437779622717
165,1003.8986291123757,1003.7468215472875,1284.4815267881754,1189.7931678564591,1277.1797106969382
166,1059.6014492856207,1059.4496417205328,1340.1843469614205,1134.090347683214,1332.8825308701832
167,471.2594748621227,281.16060494737127,750.1172032949949,761.3571658526326,826.573817863548
168,515.8478352416632,325.74896532691184,794.7055636745354,805.9455262321733,871.1621782430886
169,694.0484687186154,896.3651060800129,694.0484687186154,1612.6199057048598,2129.649316303205
170,639.6323220795985,709.2879298074797,898.8690861881119,852.5963770482904,1555.3789978318578
171,484.38619913824556,889.2738344073817,484.38619913824556,915.3920578553423,1432.4214684536878
172,503.180508414848,870.4795251307793,503.180508414848,934.1863671319447,1451.2157777302903
173,678.0617107978668,813.8388276435454,892.5582691983548,1530.093627268392,2047.1230378667376
174,570.5690492349387,587.8866148288853,754.1907768890509,503.0649863152574,989.5697434251358
175,498.4323188026266,515.7498843965732,682.0540464567388,430.9282558829453,917.4330129928237
176,1062.1463495117687,1012.3648664990641,1131.1346026723206,895.7556361362356,1633.5271036251966
177,987.1776459578681,937.3961629451634,1056.16589911842,820.7869325823349,1558.5584000712959
178,25.385470066942887,780.2217489561664,575.7309116155247,1251.4323116144317,1301.2154883332994
179,196.06671324500263,755.9288915472305,746.4121547935845,1422.1135547924914,1471.8967315113591
180,303.66138968588484,1462.2471560704869,285.48413012934054,603.9238728006866,1721.6663010754523
181,340.930043195548,1499.51580958015,322.75278363900367,641.1925263103498,1758.9349545851155
182,581.7142980705792,313.87150444565253,458.060968199968,1110.0654383727174,1133.858941690961
183,520.2930384678564,516.3027301191183,1158.1151910386588,911.4195601565057,1833.913164529652
184,614.5900650305881,610.5997566818501,1107.4482515302445,817.1225335937739,1763.9581631739902
185,1088.2870096936224,1038.5055266809177,1157.2752628541743,921.8962963180893,1457.4490363355415
186,1141.7778767498285,1091.9963937371235,1210.7661299103802,975.3871633742951,1510.9399033917475
187,357.60801509892315,165.92154834344962,1262.4290159396596,1581.4460184494058,1938.2269894306523
188,415.76547704493794,224.0790102894644,1204.2715539936448,1639.6034803954205,1880.0695274846378
189,401.4626627698534,462.15981412897736,289.35537753410364,401.4626627698534,918.4920733681988
190,829.5063968240127,829.3545892589245,1110.0892944998122,1102.7874784085752,1299.688218447344
191,891.7545428977064,891.6027353326182,1172.337440573506,1165.0356244822688,1260.0157399831278
192,1019.0425982038525,1018.8907906387644,1299.6254958796521,1087.0216528652156,1292.3236797884151
193,1111.3544981705793,1111.2026906054912,1230.088719434574,994.7097528984889,1384.6355797551416
194,351.97602700459134,502.7956302647199,345.7796466657014,211.72988943762505,276.9465414485404
195,306.07954980900934,456.89915306913787,299.88316947011936,165.83341224204304,231.05006425295844
196,788.6630658637887,701.0458402566499,1046.6246995681652,811.2457330320801,1945.3013521012688
197,847.8797565760223,760.2625309688833,1105.8413902803989,870.4624237443138,1991.7674958278676
198,507.46003582206254,365.094339683804,757.7622973310202,522.3833307949353,1227.1868064377481
199,574.7997106297142,432.4340144914556,690.4226225233687,455.0436559872837,1294.5264812454
200,690.9647748379127,826.7418916835913,763.671683115037,1542.9966913084381,2060.0261019067834
201,551.7141847269885,843.3962221463136,559.0160008182256,551.7141847269885,910.1893085507014
202,306.9979218243023,517.0809488201656,350.6202630295622,115.24129649347721,1278.163908620036
203,223.895147452909,502.4532751316768,267.5174886581689,32.13852212208391,1195.0611342486427
204,556.3699662143132,366.2710962995617,835.2276946471852,998.5933416132045,1015.9935004478561
205,329.9447487500018,465.72186559568036,1217.2370572587615,1301.4106332940773,1540.618096256374
206,627.6179884717308,648.7146500012857,929.4493552421734,922.1475391509363,1161.3550021132328
207,626.1811363490044,626.0293287839162,906.7640340248039,899.4622179335668,1142.1481049326874
208,654.316541628218,464.21767171346653,933.17427006109,1061.2738750040164,1096.5399170271094
209,497.3066552133578,788.9886926326828,504.608471304595,497.3066552133578,683.8054052120547
210,629.023168081053,486.6574719427944,907.8808965139251,953.450790926516,1088.1595319397381
211,746.00351531009,702.6308475164324,858.1108005458399,746.00351531009,834.5698071014932
212,665.1603972185728,717.104199528845,777.2676824543227,665.1603972185728,753.726689009976
213,806.2695126177823,806.1177050526942,1086.852410293582,1079.5505942023447,1276.4513342411137
214,884.8982308078096,884.7464232427213,1165.4811284836092,1158.179312392372,1221.1660202612588
215,669.504887085496,666.3833477293139,1074.8031383521973,861.2615124163211,1074.6080234783785
216,696.544594506219,693.4230551500368,1101.8428457729203,888.3012198370442,1101.6477308991016
217,342.20120051501124,633.8832379343363,349.5030166062484,342.20120051501124,801.4490477616107
218,360.22530942423464,651.9073468435597,367.52712551547177,360.22530942423464,819.4731566708342
219,713.4667511930588,625.84952558592,971.4283848974354,736.0494183613505,1870.1050374305391
220,789.0355701677543,739.2540871550494,858.023823328306,622.644856792221,1756.7004758614098
221,390.1235005641137,525.9006174097923,1277.4158090728733,1389.5230943086233,1857.1266503252473
222,313.00870216152833,448.7858190072069,1200.301010670288,1312.408295906038,1780.011851922662
223,606.3278534255144,720.67787231515,830.2785949520805,395.37037540815265,1439.91368351981
224,617.1737767506888,731.5237956403246,860.6998730072718,425.791653463344,1470.3349615750014
225,579.3651345239813,576.2435951677992,984.6633857906826,771.1217598548064,984.4682709168638
226,538.3085157564433,407.3445370124822,948.2950252067277,1279.584701991083,1624.092998697721
227,508.6358770827894,437.01717568613606,977.9676638803816,1309.2573406647368,1653.7656373713749
228,511.90652603540036,320.2200592799269,1035.419502939283,1227.7037393666508,1711.2174764302763
229,445.70686176508957,254.02039500961607,1101.6191672095938,1161.50407509634,1777.417140700587
230,191.6864667554735,0.0,1355.63956221921,1415.5244701059562,2031.437535710203
231,703.2336936689342,511.5472269134607,1518.1258450570476,1927.0716970194167,2193.923818548041
232,660.872684729138,469.1862179736644,1390.0707341959917,1884.7106880796205,2065.8687076869846
233,471.6290154534474,717.3248371175819,583.7363006891972,471.6290154534474,560.1953072448505
234,602.736203724484,779.5283930229339,714.8434889602338,602.736203724484,691.3024955158871
235,509.88299120291697,367.5172950646584,788.7407196357891,754.0171417863286,1229.6097618186027
236,584.5510904703569,442.1853943320984,863.4088189032291,679.3490425188886,1304.2778610860425
237,429.04237276476704,293.2652559190884,458.2499357439926,570.3572209797424,1087.3866315780876
238,226.25454688660705,1268.1739461485313,208.07728733006275,409.85066287873093,1527.5930911534967
239,262.22386292810927,1162.9780313516992,280.40112248465357,304.65474808189873,1422.3971763566647
240,483.1699679169754,372.18012405729024,526.7923091222352,291.4133425861503,1234.2725908112345
241,492.66593059057095,489.54439123438885,897.9641818572723,684.4225559213961,897.7690669834535
242,588.0886023965314,500.47137678939254,1012.4688781575771,777.0899116214923,1944.010958769197
243,413.5080179149552,277.73090106927657,492.28890816750487,604.3961934032546,1121.4256040016
244,482.14984767025993,479.02830831407783,909.28543953717,673.906473001085,1241.3812505902877
245,587.2215802698665,584.1000409136844,1014.3571721367765,778.9782056006916,1346.4529831898942
246,1044.2411084010528,994.4596253883478,1113.2293615616045,877.8503950255194,1501.4949376281113
247,28.89078167587289,892.5132585747037,140.99806691162271,28.89078167587289,488.13862892247244
248,378.4664231642001,384.5122797139471,372.27004282531016,238.22028559723378,303.43693760814915
249,405.6657308242979,304.5605367400951,360.3137052233753,318.17202857108583,383.38868058200126
250,445.67285636598103,253.9863896105075,1350.4938572067174,1669.5108597164635,2026.2918306977103
251,702.5476077855781,719.8651733795247,886.1693354396903,635.0435448658967,1121.548301975775
252,432.3255593223821,710.88368700115,501.31381248293394,265.93484594684895,1432.8558930945537
253,531.0417161063624,809.5998437851301,600.0299692669141,364.65100273082925,1531.572049878534
254,494.45353264981617,302.76706589434264,1094.1991314474576,1475.7734129698083,1769.9971049384508
255,506.99154628341864,371.2709662444536,1025.6952310973468,1407.2695126196973,1701.4932045883397
256,318.2227579398414,451.98147588798975,492.85796662644054,446.29290373047627,728.2369331625255
257,144.17802177122854,372.8276649006094,253.7334414895326,534.0876125197923,615.219845911782
258,239.33197024250873,630.7005982850934,366.05296167378185,0.0,17.95359928355266
259,162.71164329809744,399.7355222623156,280.6412988512388,560.9954698814985,640.5948451609107
260,197.92590603938743,434.9497850036056,315.8555615925287,596.2097326227885,675.8091079022007
261,150.69359655049743,284.36948848334504,264.8261958808017,500.20516241688665,674.3246744761151
262,32.3994950096587,296.2583978579764,270.03460790695743,557.5066032702243,638.6388366622141
263,34.03614484167732,99.722573106471,217.57504648048877,436.67419165074284,798.551806511995
264,276.808349436944,401.3792049106378,133.36102132159232,178.07381501337585,243.29046702429122
265,740.1632285619899,642.1013681854281,852.2705137977396,740.1632285619899,828.7295203533929
266,554.5414513872608,412.17575524900224,813.8063914332909,578.4274248972059,1274.2682220029465
267,599.2008999351998,456.8352037969413,769.1469428853518,533.7679763492669,1318.9276705508855
268,472.5839746069184,280.89750785144486,1147.4530564316642,1696.421977957401,1823.2510299226572
269,511.7137290448369,397.9331504243442,1030.417413858765,1696.238109657171,1706.2153873497577
270,351.82327195771404,250.71807787351128,306.4712463567915,314.76586840066676,379.9825204115822
271,216.6364311852201,233.95399677916674,400.2581588393322,635.6371253754171,712.7241435003518
272,743.5439674859554,877.3026854341036,871.8092281504089,871.6141132765902,1073.3814856739448
273,789.1397908804963,861.1182520784174,610.4787293730046,95.67715377216207,1220.338656067351
274,764.5156616703177,898.274379618466,706.1558831451667,0.0,1174.5298368930016
275,247.60137485496162,254.8144526364219,0.0,706.1558831451667,725.4845767177749
276,196.68625117226904,608.9209678508402,404.4301305101985,1080.2281040011917,1129.9147072279734
277,608.2371795897486,738.0399926498231,1073.9809857802693,677.484477456133,1730.4908974240152
278,370.678206191656,500.4810192517306,1142.293480171271,915.0434508542256,1818.0914536622643
279,485.12821650092786,620.9053333466064,643.5671841680846,755.6744694038343,1272.7038800021799
280,487.07025994381564,384.088965499571,1025.9014264191117,1031.4355046063852,1701.6993999101048
281,518.3647179512164,415.38342350697184,994.6069684117108,1062.729962613786,1670.404941902704
282,476.15140599342897,340.37428914775035,554.9322962459786,650.4735232754031,1129.8280821522053
283,675.6992350126644,790.0492539023,939.6367762332886,587.8916768802773,1591.445910764924
284,649.0737098291802,648.9219022640921,929.6566075049798,922.3547914137426,1119.2555314525116
285,387.5812193542242,501.9312382438598,651.5187605748483,739.1224187554419,1303.3278951064835
286,423.1697900167363,587.7847340366197,430.47160610797346,423.1697900167363,882.4176372633358
287,702.0954322665743,835.8541502147226,768.5761125489101,62.4202294037434,1112.1096074892585
288,566.6781156693238,325.71892748375126,536.4438220425304,507.41586419874596,572.6325162096614
289,630.8727202249443,420.04698377481634,630.7718783335954,601.743920489811,666.9605725007264
290,747.6284045163384,557.5295346015869,936.8423473815808,824.7350621458311,913.3013539372341
291,643.6264476256603,453.52757771090876,922.4841760585323,928.7370190365091,1017.3033108279122
292,448.90763225996943,483.9828203062874,967.6113170738975,1610.1884397752278,1643.4092905648904
293,277.4002721728655,632.2466072963156,796.1039569867936,1471.9019304777864,1521.5885337045681
294,503.69229735192994,538.7674853982479,1022.395982165858,1555.4037746832673,1698.193955656851
295,270.8349194461092,267.7133800899271,697.9705113130192,462.5915447769343,1379.5902499851836
296,305.3971156904567,302.2755763342746,732.5327075573667,497.1537410212818,1414.1524462295313
297,291.8590828578207,100.17261610234715,1455.812178321557,1515.6970862083033,2131.61015181255
298,585.563606985876,393.8771402304025,1635.7959317401057,1809.4016103363588,2311.5939052310987
299,335.8859366499232,193.5202405116646,614.7436650827954,438.8020048019782,1055.612707265609
300,395.9423872896598,459.4077046846058,439.5647284949197,204.18576195883472,1321.50017143855
301,0.0,803.2432785056541,552.6037558002413,1226.0468415474886,1278.088332518016
302,709.2098021604467,573.432685314768,759.8440014478028,752.5421853565657,1096.6662983900483
303,775.0717692458338,639.2946524001552,825.70596853319,818.4041524419529,1041.1668267792843
304,441.86315240689544,459.18071800084203,625.4848800610075,487.4974222786765,860.8638465970924
305,325.0426710241485,437.93603185399866,318.84629068525857,184.79653345718225,250.01318546809762
306,300.7174543422259,199.6122602580231,335.127965974207,365.8716860161549,431.08833802707034
307,975.7964051926116,926.0149221799069,1044.7846583531634,809.4056918170784,1646.4538384977805
308,919.299409210802,831.6821836036631,1158.284278718155,922.90531218207,1759.953458862772
309,497.838472633283,417.7771465966913,632.3351536949197,727.876380724344,1207.2309396011462
310,417.3351232576658,553.1122401033444,976.7804645174173,1269.3670397281912,1786.3964503265368
311,561.0178577992472,696.7949746449258,993.4434596353934,1413.0497742697726,1930.079184868118
312,49.19034131964539,279.4675515479897,253.24376159697076,540.7157569602375,621.8479903522273
313,308.05029492645184,441.72618685929945,124.42856727233968,359.80753380842464,1063.5794376292565
314,258.5756757946056,392.2515677274532,74.95394814049347,310.3329146765784,1014.1048184974103
315,534.5659007766766,300.53375868915106,961.7014926435867,726.3225261075017,1900.8523630005036
316,591.7958775443665,480.8060336846814,635.4182187496264,400.03925221354143,1342.8985004386257
317,422.17729747767487,336.13311488487915,174.57592262271328,850.3738961137065,900.0604993404881
318,329.9107807145398,465.6878975602184,1217.2030892232995,1329.3103744590494,1760.333693555952
319,268.68517167326746,404.462288518946,1155.9774801820272,1268.084765417777,1613.7467699946396
320,323.74248959569627,459.5196064413749,1211.034798104456,1319.4819891099144,1558.6894520722108
321,41.20634843426981,764.4008705888394,559.9100332481978,1235.7080067391908,1285.3946099659724
322,413.11732963159,685.2627673657202,525.2246148673398,413.11732963159,501.6836214229931
323,356.93212334796215,498.41796862630343,400.55446455322203,165.17549801713707,1328.0981101436957
324,344.0560927280602,622.614220406828,413.04434588861204,177.66537935252705,1344.586426500232
325,291.0702083673892,569.628336046157,360.05846152794095,124.67949499185602,1291.6005421395607
326,510.2771428812692,409.1719487970664,464.9251172803466,422.7834406280571,488.00009263897255
327,380.7044900301349,279.5992959459321,255.140930286298,299.8537239780815,365.07037598899694
328,333.0398569716131,231.93466288741033,302.80556334481975,333.5492833867677,398.76593539768305
329,431.71816481164217,295.94104796596355,553.7923761909965,665.8996614267463,1182.9290720250915
330,518.0045553138441,653.7816721595227,531.4409597775586,1015.9867829807895,1533.016193579135
331,393.14831962060805,792.0743123164733,393.14831962060805,877.694142823839,1394.7235534221843
332,390.0437287353548,368.50963935927234,583.0676464575006,678.6088734869251,1195.6382840852702
333,156.54303325903996,292.32015010471855,815.8791535334079,912.10956896324,1429.138979561585
334,261.02251404141555,1419.6082804260177,242.84525448487125,561.2849971562174,1679.0274254309832
335,217.0644529772822,213.9429136211001,644.2000448441922,408.8210783081073,1325.819783516357
336,1128.7748249173555,1041.1575993102167,1553.1551006784016,1317.7761341423166,1726.6468796272397
337,954.9402856157668,867.3230600086279,1379.3205613768127,1143.9415948407277,1900.4814189288286
338,166.23228302650503,23.866586888246452,445.09001145937714,608.4556584253965,885.9590536421908
339,142.4766607201044,151.63434903234293,252.03208043840846,532.3862514686682,613.518484860658
340,341.40773195091424,475.1664498990625,469.6729926153678,469.47787774154904,705.0519591514527
341,526.5871779463907,660.345895894539,654.8524386108443,654.6573237370255,890.2314051469292
342,755.8636894010842,803.9127834969787,930.4988980876834,530.6036203319591,1165.8778646237686
343,534.615369610629,620.5156124245757,1053.3190544245572,1729.11702791555,1778.8036311423316
344,649.0399930022242,782.7987109503724,821.6315518132602,115.47566866809358,1059.0541682249082
345,569.5125140653395,703.2712320134877,744.1477227519385,195.00314760497824,979.5266892880235
346,711.1831306649261,684.1798363498218,820.7385503832302,687.0674931513315,1101.09272141349
347,175.42416355739076,445.3630811250626,326.2688577139857,606.6230287442454,653.307365420204
348,371.54107973067005,641.4799972983419,435.0669739031115,513.2758649219883,802.7399449175248
349,633.6723609399231,769.4494777856017,647.1087654036377,1131.6545886068686,1648.683999205214
350,472.5851199037877,608.3622367494663,670.5159864603131,1296.967557180394,1813.9969677787394
351,556.942339829685,365.2558730742114,1461.7633406704215,1780.7803431801676,2137.5613141614144
352,621.092538668863,617.9709993126808,1048.2281305357728,812.849163999688,1248.2756537053199
353,718.2337205234643,715.1121811672822,1145.3693123903743,909.9903458542893,1151.1344718507185
354,539.5637371943925,653.9137560840281,803.5012784150167,503.40169301964045,1455.310412946652
355,377.7251745795245,235.35947844126588,632.3417334084619,396.96276687237696,1097.45194519521
356,404.81483318579313,262.4491370475345,605.2520748021933,369.8731082661084,1124.541603801479
357,610.7045356074694,576.8239984246454,763.2353145576802,755.9334984664431,1215.1813457130427
358,1181.9049049309747,1132.1234219182697,1250.8931580915264,1015.5141915554414,1852.5623382361434
359,1105.820909248304,1056.039426235599,1174.8091624088556,939.4301958727708,1776.4783425534727
360,573.1654355131019,740.8211218513372,580.4672516043391,573.1654355131019,1032.4132827597014
361,1065.0470544209998,977.4298288138609,1304.0319239283526,1068.6529573922678,1905.7011040729699
362,664.076764256574,472.3902975011006,1568.8977650973104,1887.9147676070568,2244.6957385883034
363,410.32355464775424,499.32332482142675,929.0272394616823,1604.8252129526752,1654.511816179457
364,355.83662803460413,553.8102514345769,874.5403128485323,1550.3382863395252,1600.024889566307
365,446.4097604334773,1149.803810516951,464.5870199900216,291.48052724715063,1409.2229555219164
366,474.41048170947744,1216.7881765537788,456.2332221529331,358.46489328397837,1476.2073215587443
367,367.025376659667,88.46724898089923,794.1609685265771,558.7820019904922,1074.1372818073187
368,278.5581276787678,0.0,705.6937195456778,470.3147530095929,1162.604530788218
369,489.40739452083596,374.2150823779948,377.3001092850862,489.40739452083596,1006.4368051191814
370,486.0474416367812,600.3974605264168,709.9981831633472,275.08996361941945,1319.633271731077
371,420.50451387518797,534.8545327648236,774.8135032209791,339.90528367705133,1254.0903439694837
372,603.2736962099698,485.8615388301254,869.7780233890844,1201.0677001734396,1545.5759968800776
373,87.2424604844181,223.0195773300967,974.5347689931777,1086.6420542289277,1603.671464827273
374,128.30477265771353,264.0818895033921,1015.5970811664732,1127.704366402223,1644.7337770005684
375,420.8542264148425,554.6129443629908,549.119487079296,548.9243722054773,784.498453615381
376,422.48298246374407,558.2600993094227,743.215287322131,1174.2211460392277,1691.250556637573
377,573.3929582228196,711.1500962655252,461.28567298706986,573.3929582228196,1090.422368821165
378,582.7257739181188,643.4229252772427,470.61848868236893,582.7257739181188,1099.755184516464
379,476.1431876591126,284.45672090363905,1264.6492646078193,1699.9811910095952,1940.4472380988122
380,841.7997957249925,859.1173613189392,1025.4215233791047,774.2957328053112,1260.8004899151895
381,437.57476689606233,433.5844585473243,1075.3969194668648,981.9400115586319,1751.194892957858
382,439.68815715987427,249.58928724512282,718.5458855927463,881.9115325587657,886.4733905024112
383,713.4950780270716,849.2721948727502,731.4899271246475,1216.0357503278783,1733.0651609262238
384,614.9554247412009,464.9426137010173,1706.8614052107207,1880.4670838069735,2382.6593787017136
385,371.4574490778893,179.77098232241576,1535.4105445416258,1595.2954524283718,2211.2085180326185
386,736.2303737310586,736.0785661659704,1016.8132714068582,1009.5114553156211,1206.41219535439
387,719.4901719876277,719.3383644225395,1000.0730696634272,992.7712535721901,1189.6719936109591
388,404.2101263205117,474.0523862073605,922.9138111344398,1413.6830914270145,1598.7117846254328
389,506.0836016092478,576.5463560209391,632.2995245042193,365.8374640422815,431.05411605319694
390,547.9368723615783,237.52817683016582,624.6345726961158,595.6066148523314,660.8232668632468
391,361.0260039680877,1330.1726542951685,342.84874441154335,471.8493710253681,1589.5917993001337
392,400.89031059329227,1290.308347669964,382.7130510367479,431.9850644001635,1549.7274926749292
393,427.30746524626386,563.0845820919425,641.8040236467518,1279.3393817167894,1796.3687923151347
394,211.1425975116036,489.70072519037143,280.1308506721554,44.751884136070444,1211.6729312837751
395,470.6774711150677,749.2355987938355,539.6657242756195,304.28675773953455,1471.2078048872395
396,183.62172765411216,317.29761958695974,0.0,235.37896653608496,939.1508703569168
397,544.3843203815724,632.1335139392768,824.967218057372,817.6654019661348,1223.9449209001195
398,457.8237137192204,797.625107378455,569.9309989549702,457.8237137192204,616.3603417967419
399,572.8745888350219,382.7757189202704,851.7323172678939,1015.0979642339132,1016.177267600041
400,297.33557537116224,433.11269221684086,1184.627883879922,1252.4299522515048,1491.6374152138014
401,524.5115974570678,660.2887143027464,1032.5557462568363,1025.2539301655993,1264.4613931278957
402,642.7606376170013,506.9835207713227,693.3948369043575,686.0930208131203,1030.217133846603
403,733.9022956899629,598.1251788442843,784.5364949773191,777.234678886082,1121.3587919195645
404,501.8555555876867,223.2974279089189,928.9911474545968,693.6121809185119,1208.9674607353384
405,449.11587459788143,170.55774691911364,876.2514664647915,640.8724999287066,1156.227779745533
406,526.0936281476216,1070.1199428028067,544.270887704166,211.79665953300628,1329.5390878077721
407,620.2507970049876,428.564330249514,1784.203892468724,1844.08880035547,2460.001865959717
408,434.79008271725377,124.38138718584136,657.0927003308018,689.8653334600194,755.0819854709348
409,398.5580429629651,88.14934743155267,620.860660576513,653.6332937057307,718.8499457166461
410,316.23454673906747,126.13567682431601,595.0922751719396,758.4579221379589,865.688615272627
411,406.32636318976574,591.3572141624209,294.2190779540159,406.32636318976574,923.355773788111
412,620.826002905617,413.7083820919662,749.0912635700705,748.8961486962518,884.0231351015591
413,386.58077383043565,537.4003770905642,380.38439349154567,246.33463626346935,311.5512882743848
414,551.6452133883145,361.54634347356307,709.9993851702252,680.9714273264409,746.1880793373563
415,554.1049446443579,689.8820614900366,768.6015030448459,1406.1368611148832,1923.1662717132288
416,331.9950553533046,719.7796739291102,458.71604678457777,191.74891778633832,256.9655697972537
417,158.97273263266936,546.7573512084749,285.6937240639425,18.72659506570308,83.94324707661846
418,340.9158929170453,728.7005114928509,467.63688434831846,200.66975535007901,265.88640736099444
419,553.0109504089091,361.32448365343566,1227.8800322336551,1776.8489537593919,1903.678005724648
420,390.85781802241485,387.73627866623275,817.9934098893249,582.61444335324,1353.0405720485953
421,525.834325729952,659.5930436781002,654.0995863944056,653.9044715205869,889.4785529304905
422,929.0385384418692,841.4213128347303,1027.6782615939064,792.2992950578214,1910.6087139620208
423,1256.1787646513153,1206.3972816386106,1325.167017811867,1089.7880512757822,1625.3407912932344
424,572.1514210791086,569.0298817229265,999.2870129460185,763.9080464099336,1323.514867309796
425,378.6148133943099,617.4211025859713,692.2469333998314,257.33871385590356,1171.523774148336
426,442.80359432722844,300.4378981889698,567.263313660758,331.884347124673,1162.5303649429143
427,135.7771168456786,0.0,751.515191663081,863.6224768988309,1380.6518874971762
428,22.24843009170306,158.02554693738165,909.5407386004628,1021.6480238362126,1538.6774344345579
429,39.84551451918061,175.62263136485922,927.1378230279403,1039.24510826369,1556.2745188620354
430,83.58818766459606,219.36530451027465,970.8804961733557,1082.9877814091055,1600.0171920074508
431,148.56730991807126,284.3444267637499,1035.8596184268308,1147.9669036625808,1640.4056806668923
432,133.6526200531034,269.429736898782,792.9887403274713,905.0960255632211,1422.1254361615665
433,72.6192501989471,208.3963670446257,854.0221101816276,966.1293954173774,1483.1588060157228
434,236.40366479707163,372.1807816427502,1123.6959733058313,1235.803258541581,1552.569325787892
435,194.3317981925355,330.1089150382141,853.6679184669034,949.8983338967355,1466.9277444950808
436,212.68454270704217,348.4616595527208,872.02066298141,968.2510784112421,1485.2804890095872
437,284.0061425014684,419.783259347147,1171.298451010228,1283.405736245978,1586.5567025049072
438,306.72180821039666,442.4989250560752,823.4518181178059,918.9930451472303,1398.3476040240325
439,187.15003741679703,1087.904205840387,205.32729697334133,229.58092257058652,1347.3233508453525
440,0.0,1275.054243257184,18.17725955654431,416.7309599873835,1534.4733882621492
441,162.04245359644966,742.8799810005462,91.5475734782538,162.04245359644966,679.0718641947949
442,512.6349435331398,646.3936614812881,640.9002041975933,640.7050893237746,876.2791707336783
443,281.3556007017183,783.4045723030022,665.3694750891091,1341.1674485801022,1390.854051806884
444,601.4687166147114,737.24583346039,815.9652750151994,1453.5006330852368,1970.5300436835823
445,511.8565086693591,645.6152266175073,686.4917173559581,252.65915300095867,921.8706838920431
446,674.5792878486517,808.3380057968,849.2144965352508,415.3819321802513,1084.5934630713357
447,497.15348292617045,1006.0978467934136,515.3307424827148,147.77456352361327,1265.5169917983792
448,692.0915181592067,740.1406122551011,866.7267268458058,466.8314490900815,1102.105693381891
449,689.045987570564,839.2436697522396,758.0342407311158,522.6552741950309,1689.5763213427358
450,211.66627775977645,345.4249957079247,395.2880054138886,630.6669719499735,749.7282874987044
451,408.7534558774491,559.5730591375776,402.5570755385591,268.5073183104828,333.72397032139816
452,992.8064544881431,992.6546469230549,1273.3893521639427,1200.8853424806919,1266.0875360727055
453,815.3323242889213,645.1344524005495,865.9665235762775,858.6647074850404,1000.9062717361968
454,386.9116821878306,195.22521543235706,1550.864777651567,1610.7496855383133,2226.66275114256
455,446.025453196032,254.33898644055853,1142.6272109012418,1524.2014924235925,1818.4251843922348
456,288.05531058795395,96.36884383248044,1300.5973535093199,1511.8933139384367,1976.3953270003128
457,952.4180899627131,952.2662823976249,1233.0009876385127,1199.352192918121,1225.6991715472755
458,353.0102689523943,488.78738579807293,777.1633573758083,872.7045844052327,1352.059143282035
459,328.65789286763504,0.0,532.7113131449604,565.483946274178,630.7005982850934
460,364.90516022561167,36.247267357976625,568.958580502937,601.7312136321547,666.94786564307
461,16.674361872555203,175.0121048829183,1496.297324490372,1269.0472951733263,2172.095297981365
462,704.0001128892059,837.7588308373541,832.2653735536594,832.0702586798407,1067.6443400897444
463,433.1887170803502,297.4116002346716,511.9696073328999,607.5108343623243,1124.5402449606695
464,523.2203122383734,534.0272641008211,283.38774139540817,422.7681417497585,954.419177425228
465,336.4183593476397,840.9875045796475,336.4183593476397,767.4242180647365,1284.4536286630819
466,739.6268226550669,889.8245048367427,808.6150758156189,573.2361092795338,1740.1571564272388
467,557.6804748944775,693.4575917401561,755.6113414510029,1371.8503534604724,1888.8797640588177
468,239.53312186115,507.37591548607656,762.1903681224985,350.9473677837239,1142.3786286762454
469,204.57457944931798,472.41737307424455,727.2318257106665,385.9059101955559,1120.3212552015775
470,0.0,267.84279362492657,522.6572462613485,590.4804896448738,915.7466757522595
471,263.95777355392124,266.9959214043725,16.356398698959623,689.7994844462071,741.8409754167344
472,313.9335708950176,316.9717187454688,66.33219604005598,639.8236871051108,791.8167727578308
473,339.5134486460509,612.4821561461822,889.8588901946326,1565.5602901935395,1615.3434669124072
474,396.78070229879086,399.8188501492421,149.1793274438292,556.9765557013375,874.663904161604
475,776.1485602351875,658.736402855343,954.144902710999,1103.6018304105721,1629.942876201992
476,728.4958756772061,672.6085539186541,864.8637573853376,1014.3206850849109,1540.661730876331
477,753.1050637853875,635.6929064055432,977.1883991607988,1126.645326860372,1652.986372651792
478,458.062746814075,25.75001249648561,885.198338680985,649.8193721449001,1824.3492090379018
479,535.3590535659434,541.5555744111755,685.745038165491,1223.8898248647529,1361.543011656484
480,509.6494860123697,623.9995049020054,863.9584753581609,429.050255814233,1343.2353161066656
481,533.1809489827601,647.5309678723956,869.3924135482091,452.5817187846234,1366.7667790770558
482,694.243621216136,576.8314638362916,960.7479483952505,1185.5067694296235,1636.5459218862438
483,707.0910439931856,634.7714045660541,827.0266080327376,1052.157834437511,1502.8245815237308
484,431.12083356489325,188.64330436767597,858.2564254318032,622.8774588957183,1797.4072957887201
485,478.95279133869803,481.9909391891493,231.35141648373641,474.8044666614303,956.8359932015112
486,432.3127343175894,0.0,859.4483261844994,624.0693596484144,1798.5991965414162
487,628.0628829256739,360.2200893007473,504.40955305506276,1156.4140232278119,1180.2075265460558
488,263.714745168787,422.0524881791501,1249.2569411941402,1022.0069118770946,1925.0549146851333
489,244.24586440159683,402.5836074119599,1268.7258219613302,1041.4757926442846,1944.5237954523234
490,551.5737715405892,687.3508883862678,1005.493572173315,998.1917560820779,1237.3992190443744
491,571.6389346991866,704.6937037738298,985.4284090147175,978.1265929234804,1217.334055885777
492,345.5185466935519,559.403887903444,275.02366657535606,345.5185466935519,862.5479572918971
493,430.92587673330075,676.6216983974352,543.0331619690505,430.92587673330075,519.4921685247039
494,55.49328995699431,191.2704068026729,838.7617718063567,950.8690570421065,1467.8984676404518
495,498.7340327549042,362.9569159092256,486.77650824773445,598.8837934834843,1115.9132040818295
496,447.90008304343763,562.2501019330732,711.8376242640618,610.1365080687707,1363.6467587956972
497,661.3225747835814,697.1524176256581,1020.8955905864364,730.5698726499659,1677.4055022301823
498,506.2280671591241,620.5780860487598,770.1656083797483,551.8085239530842,1421.9747429113836
499,459.97900796514665,574.3290268547823,723.9165491857708,598.0575831470617,1375.7256837174061
500,661.295412683228,650.7926836154973,840.3738399961294,947.1202220909329,1516.1718134871226
501,182.47511484727528,296.8251337369109,551.6395863733328,577.9346827049641,1098.2217905995349
502,167.92136332526812,1326.5071297098702,149.7441037687238,468.1838464400699,1585.9262747148357
503,350.6975282669448,465.04754715658044,719.8619997930024,409.7122692852945,1266.4442040192043
504,280.83426703711893,395.18428592675457,649.9987385631765,479.57553051512036,1196.5809427893785
505,573.3306868192524,1358.3040988225944,555.1534272627081,499.9808155527941,1617.7232438275598
506,618.1619574662659,1313.4728281755808,599.9846979097217,455.1495449057805,1572.8919731805463
507,89.58667171981033,203.93669060944598,458.75114324586787,680.0671613646841,1005.3333474720698
508,1197.9947501192614,1197.842942554173,1346.6281473163485,1111.2491807802635,1471.2758317038238
509,1215.1877975378184,1215.03598997273,1363.8211947349055,1128.4422281988204,1488.4688791223807
510,281.9706471716438,150.34208714594558,709.1062390385539,473.7272725024689,1648.2571093954707
511,0.0,191.6864667554735,1512.9716863629271,1285.7216570458816,2188.76965985392
512,132.01141949831114,265.77013744645944,315.6331471524233,551.0121136885082,632.5042421720066
513,845.2407964107035,845.0889888456154,1125.823694086503,1118.521877995266,1315.422618034035
514,179.07366935317913,457.6317970319469,248.0619225137309,12.682955977645953,1187.2127928706477
515,530.9660972668524,388.60040112859383,809.8238256997245,855.3937201123155,1186.2166027539388
516,374.53031770552934,510.30743455120796,1191.5945785820932,1373.9299114500388,1727.906528223064
517,472.96878192240825,563.6806493674717,778.2386564656999,857.0378947068064,1295.3604593592834
518,528.3627975223261,616.1119910800305,808.9456951981257,801.6438791068886,1239.9664437593656
519,15.573346663257437,787.6699318423966,537.0304091369838,1210.4734948842313,1262.5149858547586
520,456.02995863890635,563.6572734274652,778.2152805256934,873.7565075551179,1312.2992826427853
521,353.43311168013446,489.210228525813,1238.0916514023104,1352.832705424644,1736.8113625903575
522,569.2814566515005,460.88477697326323,539.0471630247072,487.95751076277963,553.174162773695
523,720.9305401074319,585.1534232617532,771.564739394788,764.2629233035509,952.0472313561723
524,428.211250377606,476.7111842193899,357.71637025941016,428.211250377606,945.2406609759512
525,958.3621539156384,1092.1208718637868,1086.627414580092,1086.4322997062732,1288.1996721036278
526,630.1063850238648,678.1554791197593,804.741593710464,404.8463159547396,1040.120560246549
527,426.40065553229124,630.8469208069031,380.2073981014903,458.41628912036714,857.5995207191459
528,647.4730715736187,644.3515322174366,1074.6086634405287,839.2296969044437,1398.8365178043061
529,496.7649694016579,354.3992732633993,775.62269783453,767.1351635875877,1216.4917400173435
530,423.05456511693933,280.6888689786808,701.9122935498115,702.1421050875689,1142.781335732625
531,540.6088093208975,819.1669369996653,609.5970624814493,374.2180959453643,1541.1391430930692
532,530.4106228834667,450.34929684687495,664.9073039451032,760.4485309745277,1239.8030898513298
533,805.2994964195024,655.1672802699686,855.9336957068585,848.6318796156214,1010.9390996056159
534,740.8828294605757,605.1057126148971,791.5170287479318,784.2152126566947,1128.3393256901772
535,939.7139109963321,939.5621034312439,1220.2968086721316,1166.3503400727361,1212.9949925808946
536,951.2191350731995,951.0673275081114,1231.802032748999,1154.8451159958688,1224.500216657762
537,486.3328678781988,778.0149052975239,493.6346839694359,486.3328678781988,844.8079917019118
538,104.68001578235678,1379.7342590395408,86.50275622581246,521.4109757697403,1639.153404044506
539,440.0043846301878,1409.1510349572688,421.8271250736435,550.8277516874682,1668.570179962234
540,625.0518270441302,537.4346014369913,1049.4321028051759,814.053136269091,1980.9741834167958
541,449.55255050256585,1241.6461077606905,431.3752909460215,383.32282449088996,1501.0652527656557
542,214.499422458808,737.496182333425,764.8448640073898,1440.5462640062967,1490.3294407251644
543,620.0233493978728,755.8004662435515,834.5199077983608,1472.0552658683982,1989.0846764667435
544,94.61567593202992,783.6468365958423,613.319360745958,1289.117334236951,1338.8039374637326
545,251.7693005268682,790.1498097789913,363.876585762618,251.7693005268682,674.4444999828144
546,1152.3708876592414,1064.7536620521023,1336.062190747066,1100.683224210981,1937.7313708916831
547,524.7677220040767,437.1504963969378,949.1479977651225,713.7690312290375,1880.6900783767423
548,429.5728048591955,341.9555792520566,853.9530806202413,618.5741140841563,1785.4951612318612
549,1147.8632979893027,1147.7114904242148,1266.5975192532976,1031.2185527172126,1421.1443795738653
550,1039.1023320946256,1038.9505245295375,1319.6852297704252,1112.6679507862086,1312.383413679188
551,523.2836402925319,331.59717353705844,1311.7897172412386,1747.1216436430145,1987.5876907322317
552,1081.5423357941581,1031.7608527814534,1150.53058895471,915.151622418625,1752.199769099327
553,1235.6260479461687,1148.0088223390298,1495.1479722109514,1259.7690056748663,1619.7956565984266
554,531.1502960840642,528.0287567278821,958.2858879509741,722.9069214148892,1290.3816990040918
555,519.1860411825382,327.4995744270647,1424.0070420232746,1743.024044533021,2099.8050155142673
556,368.67330548288896,605.6971844471071,486.60296103603025,766.95713206629,846.5565073457021
557,438.9388246049981,675.9627035692163,556.8684801581394,837.2226511883991,916.8220264678113
558,188.10677046329414,690.155742064578,706.8104552772222,1382.6084287682152,1432.2950319949969
559,699.3512008252421,835.1283176709208,745.6338043264769,1230.179627529708,1747.2090381280532
560,470.6865348627131,192.12840718394528,897.822126729623,662.4431601935381,970.4761236042727
561,1053.7299624846469,1187.4886804327953,1181.9952231491006,1181.8001082752817,1383.5674806726365
562,383.09807335099424,661.6562010297621,452.0863265115461,216.7073599754611,1383.628407123166
563,340.9824568845833,794.9917521596259,453.0897421203331,340.9824568845833,585.2313436250993
564,466.44334362492026,274.7568768694467,1371.2643444656567,1690.2813469754028,2047.0623179566496
565,622.4935437773162,619.3720044211341,1049.6291356442262,814.2501691081412,1373.8569900080035
566,1133.0766447091187,1045.4594191019796,1355.3564336971888,1119.9774671611037,1957.0256138418058
567,1011.6771358701849,1011.5253283050967,1292.2600335459845,1140.0931470106493,1284.9582174547472
568,715.6222876846017,849.38100563275,888.2138464956378,182.05796335047114,1125.6364629072857
569,171.48429795636955,919.3786310705871,283.59158319211934,171.48429795636955,630.7321452029691
570,430.1442394231028,151.586111744335,857.2798312900128,621.9008647539279,1011.018419043883
571,459.5586518674242,267.87218511195067,1129.0940122298496,1510.6682937522003,1804.8919857208425
572,312.48705307849025,309.36551372230815,739.6226449454002,504.24367840931535,1421.2423836175649
573,347.0068013022024,1247.7609697257924,365.1840608587467,389.4376864559919,1507.1801147307579
